*
NOTE Diamond Version 3.5.0.102 JEDEC Compatible Fuse File.*
NOTE Copyright (C), 1992-2010, Lattice Semiconductor Corporation.*
NOTE All Rights Reserved.*
NOTE DATE CREATED:	Wed Sep 02 00:24:42 2026*
NOTE DESIGN NAME:	5_2.ncd*
NOTE DEVICE NAME:	LCMXO2-2000HC-5TQFP100*
NOTE JEDEC FILE STATUS:	Final   Version 1.88*
NOTE TRACEID 0x57*
NOTE PIN ASSIGNMENTS*
NOTE PINS t_usb_d_io[6] : 9 : inout*
NOTE PINS t_usb_d_io[7] : 8 : inout*
NOTE PINS t_usb_d_io[5] : 10 : inout*
NOTE PINS t_usb_d_io[4] : 13 : inout*
NOTE PINS t_usb_d_io[3] : 15 : inout*
NOTE PINS t_usb_d_io[2] : 16 : inout*
NOTE PINS t_usb_d_io[1] : 17 : inout*
NOTE PINS t_usb_d_io[0] : 18 : inout*
NOTE PINS t_usb_stp_o : 24 : out*
NOTE PINS slrd_o : 48 : out*
NOTE PINS slwr_o : 49 : out*
NOTE PINS sloe_o : 69 : out*
NOTE PINS pktend_o : 64 : out*
NOTE PINS fifoaddr_o[1] : 65 : out*
NOTE PINS fifoaddr_o[0] : 67 : out*
NOTE PINS fd_o[15] : 47 : out*
NOTE PINS fd_o[14] : 45 : out*
NOTE PINS fd_o[13] : 43 : out*
NOTE PINS fd_o[12] : 51 : out*
NOTE PINS fd_o[11] : 52 : out*
NOTE PINS fd_o[10] : 53 : out*
NOTE PINS fd_o[9] : 54 : out*
NOTE PINS fd_o[8] : 57 : out*
NOTE PINS fd_o[7] : 84 : out*
NOTE PINS fd_o[6] : 85 : out*
NOTE PINS fd_o[5] : 86 : out*
NOTE PINS fd_o[4] : 87 : out*
NOTE PINS fd_o[3] : 95 : out*
NOTE PINS fd_o[2] : 94 : out*
NOTE PINS fd_o[1] : 91 : out*
NOTE PINS fd_o[0] : 90 : out*
NOTE PINS spare_o[6] : 40 : out*
NOTE PINS spare_o[5] : 39 : out*
NOTE PINS spare_o[4] : 38 : out*
NOTE PINS spare_o[3] : 37 : out*
NOTE PINS spare_o[2] : 36 : out*
NOTE PINS spare_o[1] : 35 : out*
NOTE PINS spare_o[0] : 34 : out*
NOTE PINS dbg_o[3] : 29 : out*
NOTE PINS dbg_o[2] : 30 : out*
NOTE PINS dbg_o[1] : 31 : out*
NOTE PINS dbg_o[0] : 32 : out*
NOTE PINS t_usb_clk_i : 20 : in*
NOTE PINS t_usb_dir_i : 21 : in*
NOTE PINS t_usb_nxt_i : 19 : in*
NOTE PINS cmp_dm_i[2] : 98 : in*
NOTE PINS cmp_dm_i[1] : 97 : in*
NOTE PINS cmp_dm_i[0] : 96 : in*
NOTE PINS cmp_dp_i[2] : 1 : in*
NOTE PINS cmp_dp_i[1] : 2 : in*
NOTE PINS cmp_dp_i[0] : 3 : in*
NOTE PINS ifclk_i : 88 : in*
NOTE PINS flagb_i : 75 : in*
NOTE PINS ctrl_clk_i : 71 : in*
NOTE PINS ctrl_data_i : 68 : in*
NOTE PINS trigger_i : 41 : in*
NOTE PINS jtagen_i : 70 : in*
QP100*
QF491264*
G0*
F0*
L000000
11111111111111111011110110110011111111111111111100111011000000000000000000000000000000100000000000000000000000000000001110010000
00000101000010010101000000101000010010001111111101000110000000000000000000000000101110001110000000000001101001000000000000000000
00000000000000000000000000000000000000000000000000000000000000000000000000000000000000000000000000000000000000000000000000000000
00000000000000000000000000000010001000100010000001000100000000000010001000100010000001000100010001000000000000100010001000100010
00100010001000100010000001000100010001000100010001000100010001000100010001000100010001000100010001000100000010001000100010001000
10001000100010001000100010001000100010001000100010001000100000010001000100010001000100000000000000000000000000100010001001000000
01001000000000000010010000100010000001000100010010000000000000100100001000100010010000100010001001000000010010000100010001001000
01000100010010000100010001001000010001000100100001000100000010001000100100001000100010010000100010001001000010001000100100001000
10001001000000010010000100010001001000000000000000000000000000000000000000000000000000000000000000000000000000000000000000000000
00000000000000000000000000000000000000000000000000000000000000000000000000000000000000000000000000000000000000000000000000000000
00000000000000000000000000000000000000000000000000000000000000000000000000000000000000000000000000000000000000000000000000000000
00000000000000000000000000000000000001000110000000000010101001000000000000000000001001110100010000110011100001000000000000000000
00000001001100000000010001000000000000000000000000000000000000000000000000000000000000000000000000000000000000000000000001001100
00110110000000000000000000000000000000001001010000011001100000011000001100000000000000000010000000000000000000000100001000000000
00000000000000000000000000000000000000000000000000000001011110000000000000000010010100000000110011000000101110000100010000000000
00001011110011000100100010000000101011001000000010010100000100100000000001000100010010000000101010001000000011001100000010000000
11001100000000000000000000000000000000000000000000000000000000000000000000000000000000000000010001000000000000100110010000100000
00000000000000001000110000100011000001001100000000000000000000000000000000000000000000000000000000000000010010100000000000000000
00000000000000000000000000000000000000000010000100000000000000000000000010011100000000000000000000000001001100000000000000000000
01000010000000000000000000000000000000000000000000000000000000000000000000000000000000000000000000000100000000000001001010000000
00001100110000000000001000010010010100000000000100101000000000000000000000000001000000000000000000000000000000000000000000000000
00000000000000000000000000000000000000000000000000000010010000000000000101011001011110000010000000100100000000000001001000000010
01000000000000000000000010111100000000000000000000000000010010100000000000000000000000000000000000000000000000000000000000000000
00000000000001010010000100001000000000000000000000000000000000000000000000000000000000000000000000000000000000000000000000000000
00000000000000000000000000000000000000000000000000000000000000000000000000100101000000000000000000000000000000000000000000010011
00000000000000000000000000000000000000000000000000000000000000000000000000000000000000000000000000000000000000000000000000100011
01001010010000100000000000100001000000000001000010000000000000000000000000000000000000000000000000000000000000000000000000000000
00000000000000000000000000000000000000010111100110011000000000100100000000001011110010001100010011100000000000100111000000000001
00111000000000000010010000000000000000000000000000000000000000000000000000000000000000000000000000000000000000000000000000000000
00000100010100111010011000000000000000000000000000000000000000000000000000000000000000000000000000000000000000000000000000000000
00000000000000000100110000000000000000000000000000000000000001001101010010000000000000010010100000000000000000000000000000000000
00000000000000000000000001001010000000000000000000000000000000000000000000000000001100100100000000001001000011001001000000000000
10010100000000000000000000000000100001100011000000010010100100001001001010010000100000100001000001000010000000000000000000000000
00000000000000000000000000000000000000000000000000000000000001100011000000000010011010011000110001100000000000001001000010000110
01110000000100100100010010111100000100001000000100111010101000000100100001000000010001100100000000001000000000010000000000000000
00000000000000000000000000000000000000000000000000000000000000000100100101001000000000010010100000000000000000000000000010010100
00000100000000000000000000000000000000000000000000000000000000000000000000000000000000000000000000000000000000000000000000000000
00000000000000000000000000000000100111000001001110000000001000000000000000000000001000000000000000000000010010100000000000000000
00000000000000000100101000000000000000000000000000000000000000000000000000000000001000010000000000001001000000000000000000000001
00010010010000000000000000000000000000000000001000110000000000000000000000000000000000000000000000000000001010110000000000010101
10000000000000000000000100000101011000000000001001100000100010000001100110100000000000000100110000000000000000010001000000000000
00000000000000000000000000000000000000000000000000000000000000000000000000000000000000000000000000000000000000000000000000000000
00000000000000000000000000000000000000000000000000000000000000000000000000000000000000000000000000000000000000000000000000000010
00010000001000000000000000010001100000101111000000000000000000101110000000000001001100000000000100101000000000000000000000000000
00000000000000000000000000000000000000000000000100001000000000000000000000010000000000011000001100000000000010010100000010010000
00100111000000000001000101001100000000000010001100000000001000110000000000000000000000000000000000000000000000001001000000000000
00000000000000000000000011010100111100110000000000000000000001001110000000000101010100110000001001010001000100000000000000000010
00011001110000010111100000101111000000000000000000000000000000000000000000000000000000001001010000000000000000000000010011100000
00000000000000000000000000000000000010001100000000000000000000000000000000000000000000000000000000000000000000000000000000000000
00000000000000000000000000000010010100000000000000100001000001000010010011101001011000010010011111001001001001110000000010000010
00011000001010100010001011100001001010010000100010100111000000100001000110000101001000010000000001001100100101010001100000001001
00110000011010000100000100101000000000000000000000000000010001010011100000000000000000000000000000000100111000100001111000001010
01110001000101110000010100111100111100000001110000010100111100111100110001110000010100111100111100110100100011100000101001111001
11100100000000000000001110000010011100110001001110011100000100101011000000100110000011100010010100101001000101000100000011000101
00000110010001001001010000001000000000000000000000000000000000000000000000000000000000000000000000010000100000100001010011100010
00100100111100101100001010001001001110001000100111000010000010001001110000100000000000000000100010010011110011110011101000000100
11100101001000010010001001110010000101100010001000010011100001001111001111100010100001001110100110000000111000000100001000101011
10000010110100000101101000000000000000000100110000000000000000000000000000001110000001010010000011010000010000011010000010000011
10000001010010010001100111000000101001001000110011100000010100100000000000010001110000010001000001000010000000000000000011001000
01000001001110101111000100011010000000010010110010000001001010000000101111000000000000000000000000000001001000000000000000000000
00000000000000000000010010100000100101101001100001001001111000111001011000011001110100111101001101001100001100111011100001001110
10010010100100010000100001000111011011100100001100011010011110001111010000011001010010011101001011001010000010010101000010010000
00100101100001010110000000011100000101001100000000100001010000000000101100000001000000000000000000000000000000000000000000000000
00000000000000000000000001000011110000010100111010010001000101110000010100111010010000010011110011110011010010001000011001111001
11000100001100111100111110001100110001100000000010001001001010100001010000111000110000100000100001100111011000110000001110000100
01000000011001001101001111000011001011000110110010011010011101000110011001001101001111000111011110011001001100000011101000101110
00100010001100100010110010011010011100010001011001001101110001000100010000000000000000000000000000000000000000000000000000000000
00000000010000101001110010011110001001001110000010001000010001001110000100000100010011100001000010010100001110000100100111001000
00000100010010011111011001000100011100000010011100000000100110010011110011101101011000100100010011111100000100100110001001111110
00001010000010101110001000100111000100000100111100111010011000011100000010100110001001111110001001010011000000000000000000000000
00101111000000000000000000000000000000000011010000010010000100110100000100000110100000101001000001101000001010010000011010000010
10010010010100001010100000001110001100000100000100011111100000010010110000010000001001001001100101011110010100110000001100001100
10010001000000010111110010101000001000000001000101000000100101110001001101001110000001011010100101100100010000010000010001101001
00001000000010111000000000000000000000000000000000000000000000000000000000000000001010110001001110000010000101000011001110000100
00110011100001000110000011000101001000011011001101000001100001011010010100000010010011010000101101000001100110100111010100111010
00010100000101110111000001001000101000111110000100010010111000100101100010100110010001010001111000100011101001010010001111010010
10100110100001001100010100111000001011000100010010010110110011011000001000100100111010001110000010000101000010010010010110010010
11001110100100011100000010001000110000000000000000000000000000000000000000000000000000000000100110000000000100000000000000000000
00001001010001000000000110001001010010110000110000010110010011010101110101011000101101100100010110100010001100011000110100001010
01001000011101000100100110100001101111001000011000000100001100101011100010001101000001110100001010001100010010011100100011010110
10010111000110001001101101100000101100010000110001010000010000111010000100110010010011000110001001111101100000100011010001010110
01001111101000010100110110001010101100011001100011110110000110000001001010000000010000110011100000000000000000000000000000000000
00000000000000000000010000100010011100000000000000000000001100100001011010000100100100100011011001110010100111100100101001100000
10000010001010000110010010011010110101100011000100110100011001001011110000100010010011010000111100100001101101100001100111010110
10111100000110000101001011011010110010010111000100101011100110100010110111101000100100100010000011001001001101011000101110011100
00101100000110001011011010000101110100000100100101101100101110010011011100000101110010010000000000000000000000000010111100000000
00000000000000000000100100000000000001000100000000000000000000000000100100000001001101001001001011000000100011110010011010011101
00001111000000110001110000010001110010100111000000110000100110000110010001010011010101110001110011001101000100100010100101110101
01011001000001001100100110010011010001110000100011001100001000011000010100110100101001001000011110010000010001100000000000000000
00000000000000000000000000000000000000000001001000010011011011000000100010101011001011010010101100101101100011000010110100100001
10011100101010011010101000001110101000010001111000001100000100011011010001101000000100001101011111000101010101110011010010111000
10001100011101100101110111010000010001101100010010100011110100010010000010010111000011001010011000001000001010111001111000011100
01010011001110001110001001100110101001100000010100110000010011010011110001000100010100001100111010010010000110000110101110011100
00101100010000000100010101011000000000001000100000000000000000000000000000000000000000000001110001000000100011000000000000100101
00000000000000000011000001101100100010110011000011011000001000111111000000001010100101011011010000111000100100001010010001000101
11100000011100001101000111001010100101010000011010000100001001111000110100011100001100101100000000100010011100000101000110100110
01000101000111000000100110110001010111100000101000111101000100010001110001010101010000111010001101110000110100110101101011100000
01100001100001100111000000000010000000000000000000000000000000000000000000000000000010011110000001001100100001000000000000000000
00000010000000100001001000001000000100110100100001000101001001110000010000110100000110010010101101010010100101010011001100010001
10000011000101001000101001011001001000011000011000111101100010110100001001000011000001110000100100001101011010000101001001000011
00100010110110000010011010001001001001001101001011001011000111010111001100001011001001101001000100010011010001011010111000110000
00000000000000000000000000000000000000000000000000000000000000000000000000000000000000011010101010100010010001000100110110010001
01000001001000110010010001101000100110010001010010000110100001011100010101000010011010000100110001000110000111100010000100111011
00100010100011100011100101100010110010110010000110101111000100101001111000011000011100000110110110100011100101001000111000000110
10001001000011000101001111000010111010011011010000011000100100000010000110011010010010011110001001000011001100100110000000000000
00000000000000000000000000000000000000000000010000010011100001000100100111100111010011010001001001110010010100000100001111000010
00111000010010101001010111000100100111101010001000110111000010000100110110000101011001000011001111110100000010001011100000011110
00101010011000100101100000110101001010010110101010010110000001001111100001100110001001001000011100010010101001101001111000001010
10100110001101011010000101001101001111000111010101000011000011010010011000011010110000111001110000010001000101110000010110000011
01001111100110000110100000111001101001000010111010001000100011100001100110000000000000000000000000010111100000000000000000000000
00000000000011001100000100111001001100100110010001110000110010010001110011001000110100101110011000000100011100001100101010011001
00011111000001010010010001010011001000111001110100010010011111000110010100001110001010011001100000110001001010010000111000100010
01111001001111000000101100110000110011100010001101000100100111100001010001110000111000001101110000001100101100101110011000111000
10100100000100001100001011000011001001111101000100110011000010011000011100001001001011001100100101000100101001101000001111000010
01010011001010110001001010000010001010011010010001010101000011110000100100010000000001010100000000000000000000000000000000000000
00000000000000010001101001000100011011010000100101110010001101001100000010011000010001101001100010000010001101001100010000011001
10100000001011001100101101000100110100110000101110110001001011010000011000001000111001100100001011100010011000001100110000010001
11000101001101101100000001000000100011110100001010010001011101101000110101001100110100100010011010010010000001001000011000010101
00011100100110001000101110000011100001111000100010000110011100110100011010001101001010000000000000000000000000000000000000000000
00000000000001000010100111000100100010010100010010001001010100111100100000000100100010010100010010001100100100000100001010011001
00100101010100111000011000100101101001010110001001011100101001000110100110111100100001001111001000100110100000010000110000110011
01001011000011100010010001100100001110100001010000010000001000001001101001100100000000110000110011100001000110000011010011110011
00100100100000100111100111001000101100100001111001101001001100100110110010000111100110001011100000000000000000000000001011110000
00000000000000000000000100111010001001001010000101001001000100100111100111001000100100111100111010011010001001001110010001010001
00111000001000100010100010010011110011101000110101100100101111000000110010110001011100101101100110001001110100000101001110011000
11001001001100100111100011111000010110110111010001011001000000111000010010010110001110010011000100010100101010010110011011010001
01100010111000100010011101010011100010001100100100101100101010001101000010001101010010111010010110000011100101001110101000100101
10001110110110001010011111110000100100000110010010110000110111000000000000000000000000000000000000000000000000000000001000100001
00111000010001100010011001000111000000010011001000011000011100101001100011100110010001110000011000110001001101001100100011110100
00101100011000010011000001100100100100000100111100110000001000000100111100010100010110100000111001000011001101000111100100100100
10010010000010000110000011100001101011011000001000001100100010100010100111100111001001000111000000110000111010000010100010100010
11100000011110000010101110010001000000001110000100010000101001011001011110000001110001010000001001111000011001110000000000000000
00000000000000000000000000000000000000000000000100110100001100100100010111000100001101000010010010001000110000010001101001100110
00100101100010001100011010011010010010000110000010001101000010010000010000111010000101101001010000110001100111001100100010010000
10010001001001100010010100011111000100001110100000100101011000100111111000010110100100101001000101101100100110100001010010100011
11001000110100010010100110010000100100100110100101100110000001010010100010111000100010011010011000010001111010001001101000001000
10001110101110011010011000000000000000000000000000000000000000000000000000000000000100111000000010010001001010001001000100101000
10010001001011000010010010001100100001000100100010010100001001001000011001110000100010000111000011011010000101110001100001100100
10010011011001000011000110010010110001101101011000100111100110100000110000101010001110011010000101000011000011000010010011001110
00101001001101001000100110100111100100000011010000101100010001100011000110010001010000011000101001000111001011000101101000010110
00100101000111001000000000000000000000000000000000000000000000000000000000001111101110001010001011001100111111111111110011100100
10110011111111111111001101001001110011111111111111001110010010110011111101010010101000111001001011001111111111111100110100100111
00111111111111110011100100101100111111111111110011010010011100111111111111110011100100101100111111101111101001100000101000001001
11010100010100001100101011111111101101100101111111010101010000111001011111111011111011011100111110101110100001110010111111110111
11011101111111111011101011011111111010000101000101000100011101000101000011101110111010001000111010001010000110011010110100010001
11010001010000110011010100110011100100110111111110100010001110100010100001101011111101000100011101000101000011010111111010001000
11101000101000000000000000000000000000000000000000000000000000000000111110111000101000101101111100000010111111101000001111000000
10111110110111110000001011111110100000111100000010100000101000100111001011010011101000000010110100111010000001010000011111100000
00100011111101110111101110111001001100001111111111101111000011001100001101111100101001100001101100110100011110010001111101000100
11000011011001101000111110111111111000100010010011011111111111110110100011110000111110100011000110001010001010001000111100010001
10100011000110001010001010001000111100110101101000110001100010100010100010001111001101010100100110011100101000101001111010001100
01100010100010100010001110101110100011000110001010001010001000111010111010001100011000101000101000100011000000000000000000000000
00000000000000000000000000000000000011111111100010111111000011011111000000101111111011000011110000001011111100001101111100000010
11111110110000111100000011111111001000110011101100000011000011010011101100000011000011010011101100000111111110010001111011111111
11111111000111001100101111011101111111101101100110011111111101110001011001100111111001010100100110011001110011010001011001100111
11010110011001100001100100011111100110001110111111111101100010010111011011111111110110110000011011011111111010001000111010001010
00100010110010011110100010001110100010100010001011001100001010001000111010001010001000101100110000011000100101100111001010001010
01111010001000111010001010001000101010111010001000111010001010001000101010111010001000111010001010000000000000000000000000000000
00000000000000000000000000001010000011111111001101000001110011111111111111001110000010110011111111111111001101000001110011111111
11111100111000001011001111111111111100001111111100111000001011001111111111111100110100000111001111111111111100111000001011001111
11111111110011010000011100111111111111110011100000101100111111111111110001010001010000010100001010001111111011011100100111111111
01101100011011111010101010000111100100111111011111011010100111111001100100001111011001110100001110111111111101100010010110100010
10000101000101000100011101000101000100010110010011110100010001110100010100010001011001111111010001000111010001010001000101100111
11101000011100111001001101111111101000100011101000101000100010110101111110100010001110100010100010001011010111111010001000111010
00101000000000000000000000000000000000000000000000000000000000000000010011101000001111000010001001101101101000100000111100001000
10011011011010001000001111000000001001101101101000100000111100001000100110110110100010000011110000100010011011011010001000001111
00000100100111001000000010011100100001001001110010000100100110001000000100011111100000000101111100100100000111000100000101111100
10010000011100010000010111110010010000011100010000010111110010001000100010000101000001110001000001011111001001000001110001000001
01111100100100000111000100000000000000000000000000000000000000010001011110010000000000000000000001000101110100000100010101111000
00000000000000100111100010000001001011001010100111011001000111100100100100101110100001011001001000100111100000100011010011100100
10101000010110000011010110000000101001100111001000110111000001000101001100011010001010011111000100101001101000111011011000000100
10110011010010001001011000001100001010010001110000011000101001001110100001100010000010011010010001000001011000010001100000001100
10001000000000000000000000000000000000000000000000000000000100111110000011011100000011110000010000001000101011110000011001101000
00001000000000000100000100001100111100001110001000111000110000111000011011100001001110100010111000001010010101000010010010000010
01111001110000010001101010010110010001010001001000110011001000101110001101111010010010001100110010001010011111000010101000001100
01100010010011000100101001111011111100000110100101110011000011001100101110000100100110010001000100111010001110001010010011000100
10111000001111000010101100100010001100100010101100100101000000000001000101101000100000000000000000000000000000001001100000000000
00000001000010100010100111111000100010011100000100111000000100111001000100000000100100100100100000010011110000000110100110010011
01110000100101101100010100111100000010011110001000000101111000010001110011110101000011100001000100110100000100101100010100111100
01110011110000011010110001000101001110100010100000011001100001001111000111001101110001001100011100101100111000010010110001101001
01011100010001100110000100111010001111100010000010011110011110011011000011000001000111001110000010111000000000000010011000000000
00000000100100000000000000000000100010111001000111000001101000110000000000000000000000000001110000001010010001001011000111110000
00110000111001100000000001001110011100110011100000110100001000010000110001001010100010000010000001000011001001100100001011101000
00110010001110010101100100001100010111010000010001011110000101010111000000010010010011010010110000010001111110100001100110000011
11010000111000000110000101011111100110000100110100000110000101010010111010000101001100000100100110010000100000000001000000000000
00000100100000000000000000000000000000000001000101001110100101000010000000000000001001110000000000000100101010010101110001000100
01011110000001100000110010000101000101001000100101100001001001110100011000010100110101101001110000000001011110010000010000110011
01000011001110101100001000011001110010011100100001010001010011100100111010001101000101101000010100100000000000000000000000000000
00000000000000000000000000000000000011001001101110000100100100000000000000100010001101000010001000111001100000010011010000001001
11001001000110010001000010011100111000010110111010000110111000111000010010011110000010011001110000010000111000010001100100010100
11110010111100010000100111110010011010011111100001001000101111000010100010110010011010011110000010000010000101100100110100111111
01001000100110100010110010011010011110001100011001001101001110000110010011011100000011000111110001000100111001001110000110010011
01001110000010011110011100000000000000000110011000000000000000000000000000000100010100111000001000100000000010011110001001001110
10010100001000101000100000000100010011100010001000110000001000000001000101000101001111000101110000001010011110001001001001100001
10010001110011100110100001010011101001111001011101000010111011000000111000001001001000111000001001110000010101001100110100100001
11000101010011010011000010011101010101100101101100001100111111000001001001101001001001110001001011001101000010100111000100001001
00011000000000000001000000000000000000000000000000000000000100010111001000110000100000000000000001000100001000110001000001000001
00011011010000010100100000010000101000000011010000011000011001011000010011010110011000011001001000100000100000100010100101111100
00001100101001011010001001001011100010010100010110100000101000001001001100010001100000100000010110110001001000001000001000001000
00100100100010111000000110000010000001001000100000100000010101001000100100000100000110010010000100110110010100100100100100100100
00010000000001000001000000000000000000000000000000000000000000000000000001000101000111101100011100111101001111000001011000100011
01001100001100111010011110110000000011100000100100110100111010000100000001000010110010001011001000101010011110000010100101101011
10100110001011100010001000011001111001101000001100001010100110100011010001100110000110010011101000010110000110011100010001010111
00100110001010010110010010010110010000110101111010100011101001001010000111101000101100100010110001010011110010001000010110100001
01000101100100011111000000100100001100100110000110011010010011100001110000110000110101001101100000110111000001001001001100010001
11001010010010001001001000100000100100100100100110101110111001101010010110010110101110011000100110110001001000000000000000000000
00000000000000000000000000111100000010010101100010010011010000100001100100101010011010110000001000011001100110000110000001001011
01101000100101111001001001000111001111001011011111100100010100001011001000100100001100100100011110011010010001110110010011001001
01110001101011000001101001100100001110100000111101010001000000111000000101000001001101100000110100111110101001011010001010011100
10001101110110001001010011011011000001110000001100110111010000111000110000100011110001100010011011011000001110100001111000010011
00100001010011011100101001111000000100101110010000111000110011000101101100000100001100011100101100011011100100111001101100100001
01000101000101001011000001000101100001100101100011010000111001001000011001001100100101100111100101000000000000000110011000000000
00000000000000000000000101110000010000110011110000100000000000000100001100111000001010100100111010100100110001000110100101001101
00110111000001000000100010110100100100100010110000110010001011001000100010011010010101001101101001110100011110001010110000110011
01010011000011010011101010101101110110100001010001010010001110000111100001110010010010010010111010001111100001010111100000010000
11000011011101011010110010011010000010111001011011001111100010100110010001001001000100010100000111000001011010000100101101100010
11000101101001111110100000010001001000011001101001001001010000000000001000000000000000000000000000000000000110000101001100000110
11000100011110001000000000100101000001000110000010011110010100001000111011010100001100010100010010010101110000010000100100110000
10101000101111000010111010010000101101100110010101100011001000100110101010010101000110001010010000101111000000001100000110100000
10101110011101000101000101101010001110100010010011010010010100110000111010000011000101010101100100001100010110000011010011010101
10100101100010010010101001110010000110010010101101000111000000001001011110000001100000010000000001010100100111000000000000000000
00000000000000000000000000000011100000011101011000101010100111001000010001000000001011100100110000100110001000100000100010110000
10101101101000100110001001011001011000110101010010101111000001101000101000111001110100000001000011001101000011000001010011001111
10000110010011011010000101000110111100011011011100001111000000110001000111001001011110000001100001101011111100000010111111010011
00010000110100110101110010011011100001000111000011101000101101011110001000110000010110010000110011010011001000001100001010100011
11100001000010001101000011000000001100000110100000110110000010011001000111100011000111000010010010001011111000111000011101000010
10111000000000000000000000000000000000000000000000010011001100010110101110000010000110100110011100000100001101011010001100101111
00000101111011010100100100110101100100011100110100100100011110000011011110000001000000110010010011110000001001001000011001111001
01011001010101000011101000110101111010111110010011000100011011011001101001111001001001011000010100001100011010001101000101100000
11000100000111000001010101101001001110000110011010000011110001000100011001010111001011110001000110000110010111010001001001101000
01100000010110101000011011101110000010001000011001101010010011010001011000011000011110000010100110001001010100100010001100000000
00000000000000000000000000000000000100011010110111000010101001110100100000000000000000000010011000011001001000110010000101001101
00100101001000111000100001000111001001110101010111000010110000110010010000000101100100011100100010010110000111100010001000111010
11110001010110010010000101000001001001100100100100100100100111000100011010000011010011100000110100001001001101001011100001010100
01001001101001000100010100101000000011110000010001001011000001001101101100000011000101011000001100100001100001011010110000010000
01011010100110100001001001100100110000000000000000000000000000000000000000010010110011110010000000001101110000001000100001001100
00001000110010100100010001101110001000100000100101001111001000110001101010000110001001011001000100100111111001001010011110000110
00101110000001100110100110100111100010100001100010100001110100001010111011010000011001010011100000101001010110100001010110111100
00001100011100011001000011101000101100100010101110110011000101101011001110000010111100100010011111000010101000011110001001111000
11001001111000001000101100010101100100111001100001000011001110101101100011010011001000111010010010010010011010011101110001000100
10011010101000100001101101111000100000000000000000000000011001100000000000000000000000000000010100111001010011001111110001000001
00100100001011010001001001110000010001110010010100100010011110010101010100100010100110010100110000010000111100011011001100100100
10000011000100011000001001000100001111010100101001101001111000111101001010111100100010010100010010000110001010000110100001011000
10001010000000110000110011100010001011101010011110000010010110110001110000010011010011101000101000011000111001101001111000001000
10100011110001001001001101001000110110100010000100110011000001001011000010011000001101001001000101000010101110100011111000000101
10011000010101111100000100010000010011011010101000000000000000100000000000000000000000000000000000010010100101110000100101011001
11001000000010010100000010001110000100010011110010110110111100010001101000100100101010010110010110001010010101001101110100000010
01111100101110110010010010000111001000010111000001001001111110100000010000111000110101100001010011101000000101100110100010010010
11000010011111000001101000010100000110010001010011000110100000110001001000110100100100010100000100010001011001100010010100111100
11110000001110000100100000100010111000100011010000100110011010111000001101101000100111000010010010110001111001001001000001000101
10000011010000001001111000001110000001010011000011010010011000001000110000000000000000000000000000000000000000000001001100110010
01011000011010010000001000110010011100001001110001010101001101001111000100000001100100010011000110000001100000110100001100100101
11010000101001101110010001001010110101101100011100100011011100001100100100101011110100010001001000111000010010001000001000011001
00100110110011100000011001010101101100000100001110001000110010100110001001000100101110000101010101110010000100111010100110111001
00000100111110010000111100010001001001001000100000110001101001001011001010100001110001000110010011010100101001000010000001001000
00000000000101010000000001100110000000000000000000000000000000000000100001111000000110001110011001000100000000010001000011110000
00001100001010010001011010000011001001001111001101001110110110100110011110111010011000110100010110000010001000100001110010010001
11000111010011110010010011110011110000101110001001010001010000111100000100100000101011110001001111000101001101000010001001011000
10111001010110011111001001001001101001000111001000111011100101011101001111001001011011001101000001011101000111010110111000100111
01000001010001110010001000111000001110010001010010001001101101100110100111100111101001010001010000100100110001100001010100110100
10100000000000010000000000000000000000000000000000100110011100000101110001001111000011010011001001011000111010101001011001001001
11010001100010011100000000100111101101001001011111001000111010000111100001001110001000110100001001000111011011100001010010010110
01010111000001010001110011011110000001001011100010100010001000100011100011101010110000110001001110100010010010010001010011101100
11000011001001001101010010100010010010110001011010001010111000100110011001000101100010001100100100101100000001110000001100101010
01100100010110010010101011101110010010100101100100110100100111000001101001111010111001011001011110000010010001011110010000100010
11001000011011001001001001111000111000111000000010111000000000000000000000000000000000000000000000011000110001000111001010110011
00110100111010000001110000010001001010000000000011000101000010111110010110001110001010001111001100101011110100011010010110001111
00100011100100010001010001111100000101100010010000110000011011010000010010010010010110000111100000101001010011001100001100111000
11100000011011101000000110010001011100000100110100100111000010101000110100111111000100110000110000001100110000111000010011100000
10111000000110001110101011000010101111001000010100111000010101001010100111111000000100011001000100100111110010000100110011001001
00100111000010000010001110011110011010010110000010010110101010011110101100000000000000000000000000000000000000000000010011000100
00100111010000000000001000010000000000110000011000100110010000001001011001000010001101001110010001011001100011001101110100000100
00001100100001100101110000011010001101000010011010000011101000010101001010110101001001000000010000110001101001110101111010100111
01010001101001100011001001001101000110110010010010000110010001000101100100100100111100100001000111001101101000010100000010110110
01101010111101010010010011001111000100110110000011000110000010000010001011010000101001111101011010010001010001010011010011110010
10000000000000000000000000000000000000000011000010100100110100010101100100111010011011010001001000110101001000000000000001001100
00100011001100010100100000100111011001000011001101100100001111100000101000010100000100011101101010001100100000100110100111110011
00100101010110100011000001000001100001010100001110101001001001101001001111000001100101100101100110100100100001111000001000101001
10101111100000101110001010011010001001110100000100000110100001011000100101000011001011100100001100110100001111100001010001010001
11001101001011000001100000110100000010100101100001100100001100000111000000100011010000101001001100001100010011010000011001000100
11000101000000000000000000000000000000000000000000011000100101110010110011110000111110100101001010000101000111010010100000001010
00000001111011101000001010001110101010011100110011111001100011000100111110100000100001111001100111100010001001101100001111111110
01001000011100110011111111111001101011111111010111101111110011111110100010011011001100111111001010011001110011111101110011101011
11111101100001111001111111111000001101010101101000110000101010100010100010011011000011111010001100001010101000101000100110110111
01111010001100001010101000101000100110110011111110100011000010101010001010001001101111011101101000100011101000101000011111101011
01000110000101010100010100010011010100011101011000111001001110100001100011011101000100011101000101000001010001000111010001010000
00000000000000000000000000000000000000000010000111001000011101101001011001111001101011010001111111110100100111011111111010110101
00011000000101000000001010000000011011111111111001010011100111011110011100001110100000011001100111110001000011000111011111110000
10010111001110011001001000111010111110100000110011000010111111111010001000101100100111111100101010010011100110011111101110110000
11001011011111011000100100101111111100110010001111000011111010001100011000101000101000100011110101010110100011000110001010001010
00100011110100010010100011000110001010001010001000111100001100101000110001100010100010100010001111000100011010001100011000101000
10100001011011010001100011000101000101000100011111100110011101011001001001110010011110110011010001111000110111010001100011000101
00010100010001101010001100011000101000101000100011000000000000000000000000000000000000000001110010110110110100110010011111111101
10011110010001101111101110011100110011100001111000000100010000000110111011100000110111011111111001001100110000011100110011100001
10011011111111010001001001100001111111111110110001111010001111111001010110011000011001100011111100000010101111000011001001011100
11100111100010001100001100110001110111000011000111001100111100110011000101100001010111110010011001100101110001000111100110010001
01100110011101000110001100010100010100011000011001100001111101000110001100010100010100011000011001100011101101000110001100010100
01010001100001100101101101000110001100010100010100011000011001100001100101000100011101000101000110000110010101110100011000110001
01000101000100011111111010111101000001100110010101100110011101110001011000010101010001000111010001010000010100010001110100010100
00000000000000000000000000000000000000000001101101001111001011010000110100011110000110011111011100101000111111000000000000000001
01000000001101110111111100110001000001110111000100110101000111111110110000111100110011010001010111101010101111010101010000111001
10111111111000101101011111111111110001100111001111110111010011011000011111111111100011001110011110011100011010111111111100100110
01000101110111011111001100110001011000011111010001100001010101000101000110101010011010101011010001100001010101000101000110101010
01100011101101000110000101010100010100011010101001111110101101000110000101010100010100011010101001100111111101000100011101000101
00011010101001101011111101000110000101010100010100010101111111100111110101111110010001011111110011111111011100010110101111110100
01000111010001010000010100010001110100010100000000000000000000000000000000000000000000000010000100100110000001001110000000010000
10000010000000000100000001001100010000100100111001011000010011000100000001001100010000100100111001000010100011111100010000101111
10010010000011100011110011000110111001001000001110001111001100011011100100100000111000111100110001101110010010000011100011110011
00011011100100100000111000100000101111100100100000111000111100110001100101000111111000100001011111001001000001110001000000010000
01110001000000000000000000000000000000001010010000000000000000000000000010001011101010011000100100100010000010010100000000100011
10011010001111000100011100001011110100010010000101000101110100000111010010010010110010011011000001000010001000011001100110010000
10110010000110010110010001000001001011000000000010010110000110011000101001101001100100100011101100000101011100100001100110011100
10110010000100010100001100111100110100100011100000011010011001011001100100000011000001100100101100100100001010000101001011001000
10011000100101100100010101000000000000000000000000000000000000000000000001000000000000000100101100000000100001110010010001100110
00000101100000110010000110000111100010011000011101000010100000001110000010001011100100001000010010110000111100000101000011101000
00110010010010011000010101110001001100001110001000111010001101000001100100010100111010001011000110000110010011010011110000010000
00110011000011001000101001111000111110000001100110011000100101001110100001100100100110010000111001000011100001010100110100011110
00100101110001000110101011010111110010000011001000011011000011000100101110000010000100011110001001011100000111000001000001000100
11000100101001111000100000100111001001100000000000000000001001100000000000000000000000000000000001001100010010101000101001011001
11000001000101001111100100001010011101000001001000001000010011010000011000111001110100111010000001001110010001110100110010010011
11100010100101101100100100111100011111000100110001010100110011010000011010001001001110100011100011100110100010100111100010111000
01001001001010111100110000100111011001100001001111001110100000100110100101100100100110110011000010011110010000101001010001010011
01101000001010010011001100001110000010010000001001011100110000111000001001000111000111100011000110011000010011101100001101010001
11000100010010110101100000000000100011000000000000000000000000000100010000000000010001000000111010000000000000110001000111001010
01100001100110000111000000101011101000110001000111000010010001111100000011000011001001100001100110100011010011111000100010100110
11100001000100000110010100101100101001100000001110000001010001011010001001001100110010000110110011001001001011010010000010001010
01110100001101001000100000010001110000010001011110000010010001100100010001010111000000100111011001100001000111000000111001010011
01000111100110111100000010000000111100000001001101100100001001001001001000000000000010011000000000000000000000000000000010001010
00100001000110000111010000000001001011000100000001000111001111000111001010100110001001010110000101010011110001010011110010100010
11001011011001000100001011000011001001110101001010011001001111001001000001010010011110000101010011010010100110100010111000010011
10000001110010001100010011010000010000000001001000100101010000011010010110100001100111010000010011000001100001110100101010000010
00010010000110101010000000010000110101010000110000101000001001010100011000000000000000000000000000000000000000000000101011000100
00010110100010110000001100000110001000100100010011100000101000110000100011010011001000001000011001111011011000100100101100001111
00001001011101001001111010000100000010011110011001001110010011110011101011111001101101000110111000100000100001011010010101110000
01010010000100000110010011010011101101000010100100001110000010100010100011110010001000111000001010000001001111001000100010100101
10000010000100100111010000001100110000000010001000100111000001001111101100000010111101100100110100111100101010010100000000000000
00000000010010000000000000000000000000000001001001011010100010010011100000010011100001000000010100110000001001111000010010001001
00111010001111100010010010000001101000101000010010001000101100100001010011101001101000101000111010011110000001110001000101111001
00010000010001010011100100001000011100001111100010100001000001000011001010111000100000111000001010000100001000111010100101001001
00101010101001001110010011110001010011100110010000110101010001110011101110000010111010000000000000000000000000000000000000000000
00000000010000000010000110010100000010000001101011000110110000110000000000000100011011100110010100000101100001101000001100001011
01000110110100001001101000001100011100100100010001101101001100000110011000000111001100011001010010101010001111000000100000100011
10011010000101000001100010001101101101111100011100000100010110100000110000010010010010110000010110110000000100010100001100110010
00111110000001011010100011000101110000001100011010001000010000000100010100111100000000100010100010111000000101001100100101100000
10000000000000000000000000000000000000000000000000000000010000010011001001001000001000000100111111001001011110010001101000101100
00010011110000110000111100000100110011100010000001000101000001110100001100111101110000100000110110010110001110100110011100011010
01101110100101010011110001001001101001101110000010101101100110110000011011001000101010010100100000010000111000011001110001000100
11101011011000011000101100010001100111000110001010010110011001000011001011100010100101001100100011110010001000101011011000010010
00001001111001011001111100100001101111111100100010000101001101000001010101000101011101100001100001100001011110001000110010100100
10101011001000001101000100100111110001010011010100011011001100010010110100000100100000100000010011110000100000000001001100000000
00000000000000000000000001000010101101011000101001111000100100111001000011001000010000001101000001110000011010000000100000110001
01000100111010010110010001001001000101001101000011001001000011100010110111000001001011111000010110100000110000101000011000001000
11111100000000100001110010010011001100100010000111100010100110100001000100010100000100101111010001000100000011010000011101000010
10001111000001101101000101100001100101110101010010000011010000101110100000001100101010100110101100100111101100010101010000010100
11110100001110001100001001011101000010111000000111010000011100001010100101100101100011110001001011101000001110001000010011011101
00000100111110001010010000010000010000110010110111011000100100000100101011101000100000001000100000100001000000000100100000000000
00000000000000000100101100010110000101010000101001100100011101011100100000100100110010000100010010110000110010001100111000101001
01000001000010001000001000111001100100110001100001010011000100100100011010101011001001011101100000011001100001000000100010011110
00000100111000010011010001011100000100010110101010111001001000101100101001111000000110001110000011001100101101000010101101110001
01000011010100111001110110010001001001011101000010110100001001100010010100111001110101001010011000101111110001010010010111000100
10010010111000100100110100011001010011011010010011001001111001000001000010000000000000000000000000000000000000000010001110000110
01111100010010011011100001100110000100101010011111000100010010100110001111010001010111001010000100010100011100001111000100000100
11110001000011101000001100110000110001001011000110101010111001001100100010010011111001011011011111010110100010100001100010001000
00101101010000010000101011101010010001011101001010001000100100001111100010011110000100100011100101111000110010000010001010011011
01000001101011001100000110100110100111100101100010100011100010110100100111010000101001101000101100010100001001001001101000110100
00111000100011001101001100011001001101001001011101001111001111100101100111010011010000111100100100100110100001100001100111100011
11010110000000001000000001000110000000000000000000000000000000000001001011001001001101000011100011000011011000001000011000101000
11001000101000101110000010000010001011100000011100001110001001111100110000100001100000100111101010110000101010000110110010010010
01101111000000010000110000110011110000001000100111000001011010000010100101100010010001000000000101010000010000001110000001001100
01001010101110011111000100101101010010100000100111100111010001111001100010110010001010010111110100000101111111100000001001100001
00010100011100011001000010011000010100111000100011000010101000001000011100100110111010000010010010001110000010000111010001000100
00000000000000000000000000000000000000000000000001000000100101010001111001100001001110011001100001101000001100101100111011001100
00011010001001100100100100011100101001001101001101010110001101100100111100000010110001111000000011110000001000011100001100010000
11100110001100010100010100001101001100101110000110011000101000011100110001101000010110001001010010000100011110010010010001110011
10001010101100110101001100000110101001011011011011110000001001001010100110100011111001001011000001111001101001111001011000010100
11110010001010011011011100001010110000110011100010000100100110100001010011011010000110110000011111010000011100010010110101001011
10000001100011001001101000101001111001000100101011010001001000101001110000010011100000000000000001001010000000000000000000000010
00010100110100101010000000010000010010100000010011010011000001000001001100110001100010010110000111000110001001101010010101101010
01011101000010101110010011011000101011100100010100011101110100001100001111010000110001100100100111010000000100010100101010001000
01001111001001001111001110010010111000101000011001100001101000010101001100001101101100111100000100110101011001010011100111001101
11100110000101010011011100000011001111110100000011001001000010011000100011011100000011100100010100101100101110010010110000010101
01010011010011100100001001110001000100101111100100000001000010000000000000100001000000000000000000000000000100100110011000011001
00110100010100110000110000101011001000011001010111010000101101001001100000010001100110000101010011010010000101110100011100000110
00011000101100011000110011001111001010100010100011100100011100000101001011001011101110000100011110010101011100101001001011000011
01101111001010001000000110001000110011000100001001000100001110001000011000011001000011110000001100011100011100111100011110100001
01000101100011001100100011000011001000010111001001010010101001101011001110001000110010010000100000110100101011010000101001000100
00101011011000101101000001010010110000010001111100000011000000100001101010100000100000101001010000100001010110000000000000000000
01001000000000000000000000010010000010011101001100100000100110100001001110010001111000100001001100101011010001111001001010101010
10000111011000001001101110000001010000110000110001001100100001110001100010001111010001001100110001110110000110011010101010010111
01000001111000100010111001111000000010100101110001000100101111010100011000101001001100011000100101010110100000100000101011100110
11100000011001001101010010111000010011011000101101000010000101100100011110100001011000110100010000011010001011001101001110100011
10000011100001011101100000101110100101011100001001100010010010011000100010110010000110011010011010010110001111000101001000011000
10111101100010001011010011000110110001011010101001001110100100100011100001111000100100000010010000000000001000100100001000000000
00000000000000100101000001110001000101110001001110100001110100010001110110000001011010011101000001100001010010000011100001011000
10100100010101011000100011101000001110100010010011110010101011001110000100010010000110001001010000010000010001111000110001001101
01101110010010110000111010000101000001110100000110000101001000011000001001001100001010110011000010001111010000010101010100101011
00100010010010110011110101011001101001001111000001100010011100110101010101110111001100001100110000100011011001000100010000100111
00010101100010010100111111001100110010001010101110000001100111110011001011100110000111010000011010000101110000100100110000110001
10101000110100011010010111010000011000111100000110100011010010000000000100000000001000001001100000000000000000000000100011000010
00010010011000000010001101001100001100011000000001100001010100000110010001010110001000101100001010110010001011100000100010000101
10001100000100110010000110011110011010010100000100111100010111100000011000100011110011001100001011100001001110000010010001010110
11001000111100000010001000110100000110000110000011001101000110110000011001000011001000100011110000011010011000010000011001100100
11001000101010111001011110101010101011110000011000011001100010100110110010000110010001011011010011011101001010100000110010100101
01110000100000111100000010010100100101000001000011001110000000010010000001001000000000000000000001001100000001001001100001010100
01010001011000011000100110001000000100011010110110000011010000011001111100100001110100000110001001001011001101001010110100000110
01100100100110100000111010000010110000011010000110101100100010110110100010110010001001001101011010101101111001001010101110011010
00111110000100011100000011001101001101010101100111010100001111001110010011010001111100011011100100010110000111011100011011100010
00110011010001010000111110100101000000110001000111011010101101000010100111100010100110001110101000000100100100001010000010011110
01110100010100010110001100101000001001001010100100000100100010010000101100100001111100000000110001010010110010011111110000000101
10100010011000001000100000000100001000000000000000000000000000100001000001000101011000110000011010011101000000100100100110101010
00111100000110101011010110001101011000100101100010111001010010010001011001100110000011011010011101011000100110010110010001110110
01000011010111001110011001100010100111110011000001100100010101100001111010000100000110100001010011111001100101001001001111000111
00111100000100001111000100010100101100001011001001111111000010011001100001001001000001001011000001000000110100010110001111100010
01100110001000001110010001111000101010011101100001100110010000111001001001010011000010110110100001010101101001010010010110111010
11010100111111100000011001000011101101010100000010000010111110010110111011001000011001001001001111000000010011101001010000000000
00000000000000000000000000000010000000000100110100101100111111000100000100001110000101011110000011000110100110100010100010100111
00010010001000000100110010110101000010100110100000001001010101011111010000010000110001011001010011100010100001001000110010010010
01101000011100101001100100111000011011001100001011101000111010111000111100100100010000110011101100100001110010011011000011011000
10110001001010010110010110110110011011100000101111001000110110000010001101001111000011001000100100001000010110110100110000010001
01000000101001001110101001001000001100001010110010010110010110111011000100100010000011101010001001101101010010100110100011111010
00001000111101000010100110010001101000000000000000000100110000000000000100111000000000000000000100001010001110000001000000010000
01101000001100010001001000100100010011101001101001011000001110010001100011100011101110100111010000101000110100101110010000111000
01110100001001000001000110100110101110010000010000011010000011100010010100100100010011000110001000010100110010011011000100011100
01001011100010000011010000100010010000100001111001001011000100101001011111000000010010111110010001101000010101001100011010001110
00001100110010010001101001011001111100100100100011100100110010000101000010100101011010101001000111110001000100110100110100100001
00010100100100111100101010001110001001001111010010100110111000000101110001000000000000000000000000000001001000000000000000000000
10011001001111001011110100000001000101101000100100000111010000000011000001101000010100101001100100100010011110011000101101100111
11000010111010011001000010011111101000000110001001001000011001111001001001010101011110110100001010111001010100001110100001001101
00010010000110011011010011011000111111000100010101101000111100100100111000000110001010011110101111100010001000111010111101000010
10001110101110001010000100100110011011000000001111000010101011111000010011010010101000011001111001011000111100001010011010000101
11000000100110010001011001000101000001001001101010010100100110000101011001000101101000010100100110001100011001100001001011101000
01011010010101100001100100011011000101000100110000000000000100011000000000000000000000000000000000011110000111111001100011001000
01111010010101111010111111001011001111001100111111101001011111111110000011001100111111111001011010101011111001100011000011111111
00000001010001001110101000010011011010101011111101111011111011111111001100011001100011111111010011100110011010000110011111111111
11010011111110111111101100100110110001000110100011100100101100100110110110010011010010011100101010110101010011100100101101100110
11011001101011001110101010110101010011100100101100100110110110010010100111111101011010001100001010101000101000100110110011111110
10001100001010101000101000100110111010111111111100110111111100111111111010100001101000110000101010100010100010011011001100111100
11000101111011101110011000101010001010001100001010101000101000100110101000101000110000101010100010100010011011000011111010001100
00101010100010100010011000001110011100000000000000000000000000000000000000000000000111100001111001100111001001010011101011010100
01111111010111101101001100100011101011111000111011111100001111101011010110010001101110001100100100111111000011110000001000111111
01111100110000111111101111111100000110110100011110010111011100000111101010001100110011111111101000111101111110001111000011001100
00101010010110000111100011001100000110110001000110100011111100001111011001111001101111000011111111010101111010101111111100001101
01100111100110101011011110010101111010101111101000001111011001111001101101011011010001100011000101000101000100011110011000010100
01100011000101000101000100011111010111111111000101001001111111001110011000110001101010001100011000101000101000100011110000111110
01011001001100010001100101100011111111000010100011000110001010001010001000111111110000101000110001100010100010100010001111010101
01101000110001100010100010100010001100001110011100100011000000000000000000000000000000000000000000011001111001111000011011110000
11110101101010001011001010101100001111011111101111101100110001110001010100110011110010010111100110111111011110001000101110100010
10100011001100001110111011101110110000110011001100111111100100100101110001000111100110011000110110000101011001100000111111100101
11111110111110000001100110000110011001111110010011100001110011101010011111110000111101100111100110111100001111111101010111101010
01111111000011110110011110011010110000110111100101011110101011111011000011110110011010001000111010111010001100011000101000101000
10001110110110100011000110001010001010001000111100010001111110010001100101011111110100000101000110001100010100010100010001111000
10001111101100101110010011110000101101111110001101000110001100010100010100010001111111101011010001100011000101000101000110000110
01100001111101000110001100010100010100010001100001011001010010000000000000000000000000000000000000000000000111100001111110000110
11110000111110100101011011111111111110000010100011100110010100000111011101001000001111111001010100010100001000001001110111111001
11110111111100001111011000010111010101111010100111111001100011000100011110111000100110110011000011111011101000011000001010000111
11111011111001111100001111001001111100110011001101000001101010101111000001011001001101101100100110101000111001010101101010101111
00000101100100110110110011011010000011110101010110101010011100000101100100110101000011010111111010001100001010101000101000101011
11111101011010001100001010101000101000101011111011101111111001000110010101111111010000100000101000110000101010100010100010101111
10111011111111101101110010011110011101101111111101101000110000101010100010100010101111111100111010001100001010101000101000110101
01001101010101101000110000101010100010100010101100001111111001100110000000000000000000000000000000000000000000000010000000100111
00100001001001110010000000100110001000000010011100100001001001100011000010100010011000100000001101000010001000000010011000110000
10100100011111100011111011010001000001111011011100100100011111100011111011010001000001111000010001001101101101000100000111100000
10100000111000111100110001100101000001110001111001100011001001001110010000001000001110001111001100011001001001110010000001000001
11000111100110001100101000001110001111001100011011100100100000111000111100110001100000000100100000000000000000000000000000100010
00010010100000001001110100101100101010000111100001000100100100101100101010010100100101100101000000010101001001000101010001000001
01101001001011000100100000010010100000101010000000100110000100100101111001000111001010100100100011010000000100010111101100010001
10110100101000000010001110000110011000111001010101010101001101000111011011101010001011001000100100100010010100100110100100100000
11001011001110000100011001100001001001000001000101001111000010000100101000001001011001010000000000100010111010000000000000000000
00010011100100100000000011001001100010010000110010001011100000010100100001000010100101100100000100111010001000111000001000100110
00011100010000001000001100100010111000001011000010100100100000000000011000010111010111001000001100110001110000101001100100110100
00010111110000010011010010110001110011110001101001110110010001011100000111000000000100001010011011100010101001111100100010100111
10101100100100110010001010011100010011011000100101001110010001010010011000100101110001100010000001001001100010010111000001010010
10001110000010100111101110000010000100000000000000100100000000000010011000000001001100000000000001001111110001000000011100001000
01000110100011100111100110010010010000100100010001000000100111010010000100110010010000100011101010100111100110000001001110100101
00000000000000111000001110001110110011001100001010010001000110100110100010111000001011000100100000100000100111001110001000100010
10011100101010100011100010100111100011100101110101000111001110001100110000100111101100001001111100110000100111010001111000011000
11001100001110000010100110010001111000011001000101001110100110100110000100100100100100100000000000000100111000000000000000100000
00000000001000010010001100100001111001010101001100101001000000011010110010100000100000000010011000010110001001100010100111010000
01010011100000100011010010000001001100001000101001111100100100100101100111000110100011010000110011111001000011000111001011100100
10010000110011111001000011000011100100001000001000111000101001101010011100100101100011100101001001011100100001011010001001001001
00100010000001000010010101110000001001111001101101000001100110100000100001001101000001100110110010000100110001100010010000011110
00000000000000000000000000000000000000000000011000010101001111100000110000010011110000110000100000000010001001100010001000100010
01110010010101101100011001000001101000001000001110000001001001010000010000100100100100010100101100101000101101100000101010100100
10000010011001100110000010000010000000111000000101001010111000001010001000010000010000101001000101010011110000001001001000101001
11010000010010000100111010000000100000001100000110100110011000101010000001001000000000100000000000000000000000000000000000000000
00010011101001101100100110100111001000110110010001000000000000011100000010001000110100111001001010110010011010001010000110011000
00111000100001001101001000100010100111000100001111001000110011110001111100110001001000111000101111001000011100110000001000011110
00010010001100001101000010100011100011010001010000111100010101010011001011110111000000001011110100001010010000001110001000100111
10011010001001100100110111000001010010110000111100000100110010011010011100010001011001001101110000001101111000110010011010011100
00010011100100110000000000000000000000000000000000000010001010011110111010011000011100001001100010001000010001100001001101000010
00110010001001011000100111000111000010000010100100100101001010100010001100001000101001110100010100011001000010100010011000011001
11000010010011110001111001101011001100100001001100000110001001111101000001000010000101001111001101001110111000001001001011010011
11000001010011101000111010100100001011100000100100110101101100001100111100111100100100110110010010100111000001001001101010100010
01110100110100110100001100111000000000000000000000000000000000000010001000100001111001000100100100100110100001100010010011000001
00001000010000001100100100000110101000110001110010100001000001100111000100011000100011110010010001000110001001110001101000001010
01001001101001101111000000110010100110000010010101000101111010000110001000110000010010010010101001000100001100101110010010001001
11111000010110000110010010001110011000000100001000101010010000101000000100110100011100010100111111000000110000010011010010000100
00001100110000100100001110000001001001000100101110010100100100100100100010000010001100100011000000000000000000000000000000000100
10000000001000000100011011010110001001100010001111100000101001100100010011100000011001101000001001010100010101100100100111001010
01001111000101111000100100000100001100101010000111000010101001010110100010010011111000100101111001000100010110110010110011101100
00110001100011000111000010011010000101100110010010000011000010100100110100111100100110001010110011110000011000001101110000010100
01010010010000111110000001010010110110000110100111100000100011110000001001001100010010110010000101100010001001101000101100010100
00111100001001100001010101101111000010010000010011010010110011110001110000111000100011000011001011111010000110010010011000101001
01100110000011010011011001000101101100000100010111100100011000100100111100000010011110000100100010111100001010010010010011001000
10110100100111100000010101011100110100000100101110001000111000100100100011000100100000010011000000001001000000000100111100110100
00000100111000001101000010110100000101001001000100110011001010111000111101000010001011000110000111000001010110001001101110100000
11110000100110000101010111011000100011110010100101001111000010001001101000001100000110111000010010010001000010100000100010110010
01001100110001100110011000100011000010100001100101100010100110100111100101101001100001100101101100100111100110100110110001001100
10000010010111010000010100010110010010010000011100101101000111001101100100001100011111000100111010001000010001111001000101000111
10001000110010110011010000010001011010010011001111100100001111100000010011111100010001010111001100010010110010110011011000100011
10001001000100001101011111001001010001101001001100100101110100010111011000001100010001011001001001000110110010001000100011110010
01000110100011000100101000000001001011000010000000000000000100000010011100000010011000101010100011100111001000111000100100100111
10010000110101001011100010000100101101011010111110000111000100011101000100010001110001011001010011110000010111000100101000111111
11010011000010101101000010100011101001100110011000100100000100110100111001100110000001011001001101001001001101001100110001001011
00011000010010010101010010101100011001110100010010101100011001001001001101010111001001100001100111000010010011011100000100010101
11001100010001111000110000100000100100010111010010011010010011100010100011101000100110100010110110101001001000100111001010101111
00000000011000101011100100001100001010111010100111010101011000011110000101100001100110101001000100101100111100101000001001010000
10010000000010011000000000100011001000010001001001000100011000010100011011000011001011000011011011101010010010110001101000010100
11111011000000010001100100011111010000001001110100011001000111110000001100100010011001000101010101010011000001101001001011100010
01110000110010001101000111001111000111000101011100111000011011100010001000101000011010011110000010110010000100101111110010010100
10111011010011000110010100111001100011001001001111110000010111010000011010000100100011111101000001000101110001001110110100111010
10010111010000001011011001001000001110010110010000110000110000111010001010101001100000110010100111001001101101000001111001010010
01110100010101101110100001010101110100100101010110100010100100110011110000001100110000100011001011011100101010010001110011100000
00000100111000000000000000000000000000010101000010110110011100110000110000100010010001111001001010100001100010111000001011010110
01100010100101001110110001101100100110111100000001001001101000001110000011001110110000001100100110110100001011010001010100010100
11111010000011100100010101110100110010000110000011100000011001101001101011011100001101110010100110010010011011100010001001001000
01110001100111100000010111010000000110100000110101111010100011000111100010001111001001011100001001000011101010001010010111000101
01110100010110110101001111000000110010001011100010011110001100100111110000110111000011001100010101110100001010100101000011101010
10010000111001000101101000001100101100011011000110001110000010010011111010100101100001100111000001010000111001101001010110100001
10000110101110001010101001001001000001000011010110000001001111000000000000000000000000000000001001100000001101000100010010111100
01001001001000110001011011001000101010011001110101011100001011100001000000011000011001001111000101100001100100010010010000110010
01001010011101100000111000001010010010010011110001001001111100011000110010010001001011001001101000100100100100010100100100110100
00001001001001000100110100000100101100001100010101001111000010011001010011001001001111000111001000011100001001000000100110100011
10010111010000011101100100110001010010100100000100011100010110011000011100001000001000001101100000100111100011011101000001001001
00110111000100010101010000101000101001001000011100100100110100001000110110000001100110000111000000100101100010000001001111101000
11000111101000010001010001100001000010000001001110000000010010100000000000000000001000110110000011010001000100110011001000011100
01000110011000000001011111001101000011000001001101001001110000010100101100111011000011111001000100000011000001101001010111010000
01000001100101001001000110110110000001001011001001001111000001000101001001000111110001101100100100100010001101100010010011000001
10100010010001011010000100001001101001001000101001101000101001101100100010100011100001100100100101110110000010100111010001011100
10011110010110001101000001110001010110110000010001110001010000011000110001001101010011101011000110010001000010010111001100001100
10001011010000101000111000111100011000101001100111010001101001101001001100010001110010010010000010010001010101000011001011000000
11000100011001100000000000001011110000000000000000000010001100000011001000011001110100000101011011011001000100011101110000101011
10011111100000010100111100010100100010010110000001001011000101000101110010001100110000101100011101000001001101100100010110001010
00110010001010100111110000001001001000111011001011011001110110000110011001100011100000110110100000100101111110100010010000111011
00000101011111100000001110000001110000011010110101010110100001110000101011001000101110001101100100100111100100100011100000100111
11110000000110000101010011101001100110101000110001010100100100110100111110001010010000110110010001000110001001011110000101011001
10100101110010001101001001110010001010000011100000110110001000110010011001000101100100101101111100110110100001010000001100100010
10111101100010100001011011001110000000100010000100010000000000000000000000001010010000010101001000001100100001110000101011100000
10100110100101010000110000110001110001110010111000100111100010110111000000101110110000010010111001001001101011000100110100111010
00011100100010100001100110110100001011000100011000111000011100101010100001111100100110010110000111011000101101100100110001000101
01010111000001011000100011100000110100100100111100010110001001011100000100111000001011010000111000111000010100001100110001000001
00101111000100011010001000110011000011100001001101100000100100110010000110011001000101111001010110100010011000101001101000001100
10101100100100100001110110000010010011101000001000111100100010100101110011001011101000000010001111100000101110001000100100100100
11000101001000001000011100110010111100100010010001001100100110110001000101011000110110000001000010010000010011000000001001100000
10000101011110000000000000000000100010000100001100100011001001001011011000110101100001001011100011000011100000100100111100111100
11110010110011110000000100011100100101100100011010000100010011001010011100100001000110011100010001110101100101100111000010010000
01101000010000100011111000010010011111001110001001011001011110000100110000011000110010000110101111010000101000110100101100101110
00011001011001110000001110000110111001100100111100000011000001101000001101100010100100100110111000100001000011110000001110001100
01000111110000100100111011001000110011100001001000101110001001100111100100011100010101111000010111000010010001000110110000001101
00010010011100110011000010110110110000100101010110101001100010001101011001101100001100011000000000000000000000000000000000001001
10000000000100011000010000010101111000011010111001000111011000000111000100011010000101001111011011001011100100110100001110110011
11010010101111100111100111110100001010010010001010010110000010010111100000100001000100111001010010000001000001100010110010000100
10101110010110110011011000011001000110000110101110000001011000100010110100000100011010000101001001001001000111011101101000101010
00101000011111000010100110101110100101110000011010110110001110001101000001100010100110010000100110100001010001110010011001000011
00001100011100110010001011100100101000001010101101000010001110000010010011111010100010100010100101110001001001001011010100100101
10000010011010000100000000000000000000000000000001001110010010000101010101101100110001000101100001010110010000110011011100010001
00100100010011000100101001101010111001001100001100100000010000110011001000110010001100100100101101010001110101111010001000100010
10000010010011100000011001101101110100100001101100100000001100110000011001000101010011101000010100100100001010010110001101010101
11100000110110010101010001100110100110011000101011100010010111010000010111010001101110000001110010001000100110100110100010001000
00100110110011000010011001001101001010011010010101100001010100000110100000110001110000111000101001000001001001111000000011100000
01100111100000100000001000001000001100101010110001001010011010000110001011000101000111000100001001100011000010101110100000100110
00000100011000001001111011110000000000000100101010000100000000000110100010011100001000011100000010100101010011010000001101001100
11100101101001010100011110010010011100101000011100010000101010100011100000111000101001110100000011100000101000110100110101001010
00101001011101011001011100000100010000001001001011001101000100011001010011000011001101001100001000011001001001111000101001001100
10011011010000011000000010011011100110101001001101001010100101110000110010011010110010010010011010010010010110001010011100100101
11001001001101001100010000011000100100100101011001000011001011010111110000001110011000110100110000000100001100011100011110010000
11011001001101111001000100101100110110010010111001000011000010010001101000010100111001101001010000000000000000000000000010000100
01001110000000100110100101010000010000111100110000100011010001101100100100010010100010011111010000011000111101100000110001010110
01011100001100011100000010111000100001001111000111000111000001001011100100101000011001001010111000001010001110001001100011000010
01111010010100010100111100100100011100011111010000001101000001110010010000111010000010001000111010000010000110010111000010100110
11000011000001000111000001000111110100000110100010111000101101001111000010100111101100111000000111000110101000111000001000101010
10101110100110010001010001001000100010110110101010111010101101000001110000100100011100111110000110000110101010010011110001110111
00101100100101100110011100000100010001101001101110100000000000000001001110000000000000010011100010000010011000000000100110101001
11010000101110000101001100000110100011100010100100101110100001011010100101111000000001010101001001000001100100010100010001001001
00010110011011010000110000111001100100100010110100000110000010001111001000100001001101000101001101000001001111001011111000001100
11101001011011011010100011001100000010000011010010011000011000111000101100100011111010010001110010010010010110010010110010010010
00001001011001001000010100001010000000100110011011001111000011001001000101110101001100100111000000110011010011000100101100000110
10000101100010100111000001010001010011010011110100101000001000101101000010100001101100101101100000100011110010001001001011011010
10001111100001000110100101001100100010110100000101001000000000000000000000000001001000000000000001000110010001001001110100110100
10111010000011101000001010011110011001000100110010001110000110010010001110001111100000011001111110000001010011001010111110110000
01001101000001000101001001110100000100100100110011100001011000011001011001111010110101100100011110010001111001000011001000011100
00101111010000010000010010111001100001000100111000001011101000000010000011100001000100000010010110010110000110001010110010010001
10010011010011011100100011001101001001000101000101100001010100101100101110001000101001011000000110001100000111100101001110001100
10010001000001100100010100001100100010100110011011010000101001001110100001110100000110011011000010101101000010100011101011101110
00100001110001000110001101001101000001000101001101001101010110000000000110101100000000000000000000000110100010000000001101101001
10100001101111011110001100001111000011100111011101001011111000011001111011000011100110011111111110010100011111110100110001001011
10100101011010100111010000011110111110111101110111110100000111001000111111111000011110110000101000111011001110011011110011111110
10101001010001111010001001111001010011001010111110001001011000111111111111000011001010111111010100011000110111110100000100001111
00111111111011001011111101111110101110011011111111111001001100110110001110110100011000010101010001010001001101110111010111111101
00111001001111111111000110000111111111111001000011111011111111100001110011010111110100011000010101010001010001001101100001111101
00011000010101010001010001001101100100111101000110000101010100010100010011011101011111010001100001010101000101000100110110101111
11110101111010111111110011110010100010001110100010100000000000000000000000000000000001101000100100011000000111001011010100010011
01110110111110010010010001111110000110011010110101100111100000100100111101110101000111100001111111111101010010001101011010011111
10011111111001101001000100011111101110110011110010001010001000111100010010111111000010010011100110111001110101111110011000010010
01111101101111111000010001111010101011100111010100100110000111111100110011000111100001110110111000011011100001100101011111101010
01100001110110001101101101110000101110110001100110001110000111101000101001001001001110011001110000111011000011111010001100011000
10100010100010001111101100001100001010100100111001001111000011001100001110110001110111000011001001001111011100010001101010001100
01100010100010100010001111001100111010001100011000101000101000100011110010011110100011000110001010001010001000111011011010001100
01100010100010100010001110101111101000000101111111100000010001101010001100011000101000101000100011000000000000000000000000000111
01111111000110000001110010110110011110010010010100011010101010111001011001001001101011010110101101010001100100100110111111111110
00000010110110100010010101101011010100011111111011111111011101010111111011111111001100110001010100011111100110110011111111101100
11100011111100111111110110001001001010001111010000100011110101010111101011110111111101100110001000111101101001001011100111001001
10010011111111100001101100000110010001010111011000001101100110011111011100011011100001100111001111100100001100001111111010001001
00100111101000111000011101100110011101000110001100010100010100010001111011100001111001100011000011001111001100110000011011010001
11111100000010010010100010100010001111000011111010001100011000101000101000110000110011000011111010001100011000101000101000110000
11001100011011101000110001100010100010100011000011001100011011101000110001100010100010100011000011001010111110100000110011000011
11111100111001110010100101010001000111010001010000000000000000000000000000000111011111110011000000011011010011111000011100001111
11101111110101010011011010011000110111010010111101001010011101010101000011010001111000000010110111110111110110000111111101001010
11011101111111001100100001101000111000100101101011100111010101001010001110111111100110111100110111111100001000011110111001111101
00001010111100110011110000110001110111011111001100100111010010101011001011110110010011111110011000111011101111100111110110000111
11110111000100001110011001111111111010110010011111101011100110111111111110100011010111101010101101000110000101010100010100010101
11101110101111010101001100111111111111000001101010101111100111110000111000011111110010011101011110000110010100011000010101010001
01000110101010011010101011010001100001010101000101000110101010011000110111010001100001010101000101000110101010011000110111010001
10000101010100010100011010101001101011111111010111111001000101011111110011100100110010100010001110100010100000000000000000000000
00000000000000100100000001000010010011000100001001001110000011100001000010000001000111111000000001000000010011000101111100100010
01110011000100010011100001000010110000100111001000000010011000100000010001111110000000010111110010010001111110001110010000000100
11100110001101110010010000011100011110011000110010010011100101111100100011100001110011000110010100000111000111100110001101110010
01000001110001111001100011011100100100000111000111100110001101110010010000011100011110011000110111001001000111111000000001001000
10000011100010000000000000000000000000000000000000000000001000110100111000000010010001001011010101001010110010010011101000011010
01000101101100101000000100011010011010000001000011001100000101010010001010011001001101001010100011001111000000100000101111010101
00110100011111010001010100011001001100100001010001110000101000010101010100100001001010000010000101010100010011110010001010100010
01110000101101010010010010000010011100100100100011000100011000100100000000000000000000000000000000000000000000000010011001000010
01000110100000011100001000010010010110011100011101110001001100011100100000000100110000011110000001001010110010011000111100000010
01110010110010001100010000101100110100110001000101001010010010011101000000010000101001010101001100110010110011001000011101010100
10001101100100010100111010010110001001100010010100111110110000111000100011001010001001011001110001000111011110000010011110001100
00101011100101000100011001000101100110000110011001011100000100010011000000000000000000000010011000000000000000000000000000100111
01001010101001001001110011010000011001101001111000111000011001110000000000011000011011011000111000001001100010011000100011100111
01001010010011101000110000100001100100010011101110001000010111011001100000010001110100101110000001010001011100001000110101000110
00111001011100110000111000100000100100000011010010011000100000010001000100011100011100110000001001001001010000000100101100111100
10010011000000000000000000000000000000000000000000000000000100001000001000001000000100111000110100000101001011000010000010001110
00110001000101000111001011001100010001001000110010000100100100101011001101000001110010010000010001101101010111100010001000011100
11000001011110001110000100010010101100100001001001001001101011101000001000011100110100100010000011010001000010011100010010101001
11011000010100011010100110010001010011110010100000001111000000100000011110000001001000000100110000000000000000000000000000000000
00001000110000010001110000101000011001011100100010010000100100000000100101001011111010100110001100000100000000010110101101000010
11100010000110000011010001100001100000110010001001000101001100100000010000010001100000100111001111000001001010010100001000001000
00101011100111101101000100111010011010000100001100010010100011000010000110001100001001000000000010000001001000001000000000001001
11000000000000100000000000000000000000000000101001000010101110011000100111000011101001101110000011110101001000011100001100010011
00011100000100000001000010100110100011100110001101100000000001000111000000010000101000010010011000111010000010011010000101100100
11000010010100100001100101110010001100110010011010011101000001000110110010011011100010100010001100111000010010011110011101001100
10001001001011000111001100001000110100010110010011010011100000100011010001010001001100100110100111000001110000100000000000000000
00000000000000000000000000000000010101000010001010111011000100010100000011100001000001000000100111010000001000000111000100010011
10000100000010010011001100000010001100010101000000101010010011100100010111100000000100101110001010010001000111000100111000001101
00010111000010010011001000010100100011110000000111000001010000111001010101110000101100001010011101010101001000100101000100101000
10000010010010011010011101000110100110100101001001111011011001100000100010111100000011010010011000010111000001001001100100001010
00010100101000000000001000010000000000000000000000001001100000000111000000101001000001101000001010011100000011000011000001000011
00011100010000000100010100111010000111010000110000010011000000001000101001000010010110000001001110100011110001000101011001001000
10000010010101101010010100100110010100101100110000100001100110011100000010100111010011001101001001100001110001010000100111001110
00001000001000000001000001000000010010000000100000001110000001001001000100000100000100000010010000000000000000000001001000000000
00000000000000001000010100011001001100011100000011100100100100001100110100000010001010001110001111110000001100010001100100000111
01000000000100001100111100010100111101110100111100011100110110000101011110001000100001100001010000101000110100110100110100100110
10000101100100001100110100111110100001011010000111000001011011000011001111001010100000001001010011010001001101000010100010100000
10000110010010110011000110011001101100010001101010011011001001101000100100010100100100100011100000011000111100100100111001001010
00010110010110010010011000100100100001100010100001101001001111000010010001111010001100100000010001111000011001100010001110000011
01001010110001010010011010000000100001010000000000000000001001000000000000000000000000000010010111000001100100001011100001000100
00010011010110010010110011010010010000110011011000100100001100001010000110011000000011010000101001101110000100110000101011000010
10111010000011000100011001111001001001111000101001011110100000100110100001100100011001000101110001000111000001010110011001001000
01001001001001101110000100110100011100101110001000101001001011000110100001011100010000110001000111000110001000000100001100111110
10000110100010100110100011010010010011110000010011011001100011000110110100001011100000010100110100011100101111100101010011010011
00011001010011110000010100111111010001010010010011010011001011001101110000100000011011000001000111010111101000010100111010010011
00010100100110101110100001000010000000000000000000000000000000000001011010000000000101100010010010001001000011000101000000001010
10100000100001100110100110100101010000001001000100011000100100010011011000101000110100000100100000010110010011110010001011111001
01010010010010001001101011001001101001001110100000100010010001111001100101100010001001101000010010101110010101110010101100011100
01110001010000110011111100001010100100100001111000011000110001000110000011001001001010110010000110110110001010010010101110000110
01000110011000011000101000111000010111100000101001101101000110100100010001110010010011010011011100000101000111011011011001100010
10010000111101000001010011001101110000010100101001010100000100001000000000000000000100111000000000000000000000001000000110010010
00000001101000010110111000010101011000101001001000100100100001101110100010001000111000100010010100101101011001000101100001011100
00110011010000100100010110010011010011010001010011111001000011100101001100010010011110011010001010001100100001100100100000110000
11001100010010100111111000001010101101010111001001000001001111001100100101100001110110001010000101001001101001100110000011010010
11011001001101000011110000100010000101001100010010010000111100000011001000100001111000011010000001111010000100101010110101001101
10011000010001111110000001100001010110100101001001011001111011011000011001100001000001100001010100110101011001000100000000000000
00000000001001010000000000000000010000110011110000111011000001010101001110110011100100010010111010000101110000101100011110100110
11010100110001001011000010100110010001010011101001000000110001010001000011001000100110010010011000110011100100010110100001010011
01000001000011110001001100101100110101010011001000011000001000011100001110010001010011011001001001000001000010100000100101100000
10011010011011110000000011001110001110000100101001100101010000110011111000010101110110001001100100100100011011000011101001111000
00101001011100001001001100011010001011000010100101001010101101000010110001001010010010010101000011001101100100010110100101001000
00100010100000011000011001001111001001000001000001001101110010001000000100100000001001000000000000000000000000000000000000010111
00100000000000100110010010101000110100001110000110001100100010100101011110000001101100000010010110110100100000001000111010011000
01100001100111110011000011001001011001000100011010010100010010110011110010011000100101010101110000100111000000110011010011011000
10010100001100100100111100110010001011001101001101000110000101010100001100000010010011000110101010101111001010010000100100000011
00101001100111010010111010001001000011000001000110100101110001000110001110011011100010000010010110001110010111010000010011001010
01110000011000100011100100110101000101100110010110100010000001100010010100001000000000000000000001100110000000000001001000000000
00000000000011010010101001010100100100011100010001001001100100100110100110011001100001101000001100110001011001000000000100101001
00010100101111001010010011111001001000010111000011001001000100100100011110100110011101000001001111011101010011110110000110011001
11100000110100000111000100110010010000011110100011000111000010110001100001100010010100011101100110101010110010011000101010011100
00100111010000001100100010110100010010001011011000001001100001110000010010110010001101000001000011000101001101001101000000001001
10100011010001010000110010011010000101001000100010100110110010010010001101100100100100101100001100000100110000100000110100000100
00000000000000000000000000000000000000000000001000111001110010010100000111000000110001010010001001111100001010100101110110010001
11000010010011110010110110100101101100100100111111100000001001011110010010011100100101110000101101101110000011011100010001111010
00010010101000000100010000100101110011000000110001001010111110011010111010010111101000001000011000001110000001011000101000100110
01011001000011000011001111000011000111100010010110001000110000111101100000110000101010011011000010101001101001101100100010110000
11011010101101000010100101100100110000101011001011001001100010011001100010001101010110010000110001100100000101100110000011010011
11111000000010001101110000100100100100111100111100010010001011100010000000001001100000010011000000000000000000000001000010000000
01000011110011001100001100111101010001000110100111001100001100100010110001000110100110000101100001100100000011100010001001111001
01110001001011001010101000011000000010110010000001100100100000111100000011001010011101100000010010010001011000101001110000010010
01010010001010000010001010011110001110001010100111000001101010010011001100001000111001011001001001000100011011000001101100011000
11100010000101101011010001101101001100000100000010010100000100001000100011110001001010100100010110001101000010100110110010000111
01000100110010100110011001001010100000100100010011010000100010011010011000000000000000000000000000000000000000000000010011110011
01000110110110000001001010100011000110001000101000101000011100010010010001110010110001001000110100101100110010011010010110000110
00111001111001111001110110100010011100001101000110111000100010010110011111110000100101110100111100011100010110010000110011100100
00010000010000001011110010110111001000100111001010110011000111010010001110000100110100000110010110110011001001010101100001001101
00011100111111000000101000100110001001011011000000010001001001010100010100111011100010001001111011000100011011010100011001110111
00101000010011111010010101101100101000100100100000110100010100000000000000000000000000000000000000001001010000010011100100100100
11111010001000101011000100110001101100001110010101011010100100001000001001001100010001100001100011011101000011100001010100111100
00110010001101010011100100100001000011010000010111000101001001001110000011110000101001000110010011111100100101010011000110111000
00011000110110011000111001001010010000110111011001000011110000010100001100100110000101010010010001001000000100101100110110100010
00010000010000111100000011100010010100001001110001100001000000010011111010010101100110000110110001000100101001000111100100001010
00110110000011001011100010000110001111100010010010010110000010001100000000000000000000000000000000000000000100000100100000010000
10010001011000001101100011001100101111101000000110010010001001010100011101110010011001111010000110011000010011011010010101001111
11001000110010110011110110101000100101011100111100110110100100110101010111000110000110010001011010000010110010001110001110101001
01011111000010010001101000101110000100101100110100001111001100001010111001011100101001100111100111001010011100001010100011011110
01000011011000001000101000011101000101110011000010011010001010110110000011100000101110110000100100100100100100100111010000010010
11100100001101100110000101000010110101000000100111100100100001110100000111110010101110001001100011100100100010110100011010010110
10111010111001001000101000101000011100100010010011000100001111001100000000000000000000000000000100110000001000000000001001100000
00001000101000010100111100100110101001010000110001001010100110101001011111010001110010001101101010001110011110001110001111100000
01101010101010100111100110011000010111100010001101010001100001010011000110000010110110011101111000010010001010001010000010010110
10100110010110010011110001011100110001001111010100101001100001010011101000101000100100001100111011010000010010011110111100100011
11001100001001101001001000101101000100101010101010010010110010110010111000010100000100010110110001000000100101111000100100100111
10000110010111000100100010000010001011010010101101000010001011001001111101001010000000000000000000000000000001000010010001000000
00001001101001100100110100011100001100001100100100000011100000011001011001111100011000011100000010000001011001100100010101100100
11111010011001110011000010011000010000001110010010111100000010010111001011001001111000001110010100010010010000011010000100111010
00011000111011100100111110001000100011100001001111000000001010100101010110010000111100100010001000110000100101100011110010001010
00001100010101001010011100100010100001111000010011100000100010010111001010010001001001000101001000001010101100001010010100110011
10010011110010101011000110001000100111010000010011101001100100110101110100111000000000000000000000000001001110010011000000000011
00111000001001110000010001100010111010011110000011010001001000100110000011110000110000011000100101101000100100111010100100000110
01000110010000110010101000110101100100011001000001100110000111000110011000010101100010001101101010001110011011000001101001010100
10010000111001000011001101001110110100110111000001101001111000011001000011100001100110000101100000110010010110100101010110100101
10111110000110001010110010001111001000011011111001000110001010010000010011001001100100010110000011011011000001100100001000100010
11100000101110000110100111010110110000010010010010110011010010010010111110000011000101100010110100111001101000001010000100000000
00000000000000011000110000010001100000010011100001000010001000111001100100100000000100001111000010011100000100010001010011010010
00001001001000001110001010111100000010011010001110001000100111100000100101100001111100000010011011010000101001001110101100101100
10000110011110011110010110110110010010010010011010011101101000010001100000110011100011000010001011100100111001010100001111010000
01110010001100111101011100100111010110000101001010010111010001011100100101010111010011010011001000011001001001010010000000101111
10010001101000001100111100000110100001001001001001111101000001100100100101110011000011010100100100010100000100111010010010000110
00101100110010100110100000101011100011100010100110101011000000000000000000000000000000000000000000010100011111111101000011110111
11100101000111111000000100010010100001000011010001101000100100110110011000010100010010000101100011010101011011101100011001010001
11111111101111111000010000110111111100111000110111011110100001010000011011101111110111000100001111011101111110111010110111011111
11100100011001010111111111100011111011001111101111100001111010010011110000000110011001111111000100111111001111110010010110011111
11111001111011100100111111110000100110110111011110100011000010101010001010001001101100000111111011101101100111111111101110101111
11010111110010100111111001111100110000111111001111111100000110111011111111010000111011101110100010001110100010100001010001010000
11111100111111000011011010111111010001000111010001010001001100101000100011101000101000000000000000000000000000000000000000000000
00011010111111000001001011001100100010111111011111000011111001010100010100010111011111110001101101111111110100010001100111010111
11101111001001010001010001011001010001101010101101110111110011010100010001111101010001110101010010111111110011001000111100111111
11110110001001001101100000111001100110001111010001001110101010011010001001100010001100011110100010011111001001001001100101011110
01100001100001110111110111010010110010010000011110000001000111101010101111010101010010010111111110010011000111100110000111100000
01001001110010011101000100011110100010010100011000110001010001010001000110111000100011001100001100110000110100010010001111111101
01111100101010010010111111100110001000111011111111001100100100110001000111111010001000111100010001101000110001100010100010100010
00111110111111111111011110010011111100111111000011100011110000101010100011000110001010001010001000110101000110001100010100010100
01000110000000000000000000000000000000000000000000011000011111100010001110011000010011001000101111110111101000100101011001011111
10100110011101111111100100010100100110111111111100110011100001100110101111110100001101100110101000100000101000110101010110011111
11000000111111110001101010101110010001010010011000100011110111000011000011111001000110011000111111100001000101010001111110000100
10011110011001111001100011000100011101000100011100100111011101100000110101111111010101010010011100010011010000110101010010010101
01110110100010010001010111111110000001100110010111001001111000011111100001100101111101000110001100010100010100010001110110111101
11000100101101110111100100101011111111011000011100100111111010100010101111100010000110010001010111010001011001001111010001000111
01000101000010100011101111110110111011001000101100001111101000110001100010100010100010001101010001000111010001010000000000000000
00000000000000000000000000000000000101000111110111010000111101111110010100000010100010011010100011001000101000011010001010001010
11110101001111111011110110110011001000000110101010110011111001111111111111100011001100111111101110100001110001000111111100000110
00110111111111110011001101111111101000001101110000100001110011001110100001111011101110100111001110010011111001111101111001111101
00010000111101110011111111101011010101111111101111011100111111111011101100010111111001111110011111100100010111001001110100011010
00100111100111110100011000010101010001010001010111011011110111000011100111111111001001011111100111111011000011100100111111010100
01101011111111101110101110111011111111011010001011001001111010001000111010001010000111110111110100001101111111111000000110001011
01010101101000110000101010100010100010101101010001000111010001010000000000000000000000000000000000000000000000000010000000100110
00100001001001100010000100100111001100001010001001111101101000100000111100000100100111110110100010000011110000010011100000110010
00000010011100100001001001110010000000100111001011111001000111000011100100000001001110010111110010010001111110001000011000100111
00100100000111000111100110001100100100110001000000010011100100000001001110010111110010010000011100010000010000000100111001011111
00100100000111000111000110001100001000001110001000000000000000000000000000000000000000010000100100000101010101010001000101001110
01001100001100010100100111000100000000000100011000101100010001100010001100100111000110010000100000010001000000100010011001110000
10000010101101001100111000100001100111100100011011001100000010001000100110100101100000010001100000000001001110100100000010001010
01001001001110001000110000011000100100011100011000100111010111100100011010010010010001000101000101011101000110100001110001100000
00000000000010100100000000000000000000001110000010100111101110001000001110000010100111000100100010011101001101000110001001010000
10000101001101001110000100110000010010110010110100110000001001110100101100101000011010110001110101000001110000101011101000001111
01000000010010001001001000001100100010111000010010000010011010010110010000100000100101100110100011110000101010011110101110011010
01010001101110010111000100000001100100011101010000000111100000010000011001000101001110010001010001011001000101001110100101100110
00000010000001001111001111001100011100000101001111010110100101000000000000000000000000000000000100010010011100010000001001110001
00011100010001001011011010001000010000001000010000000000011000100101100110000010001001000110000001001101001000100110100010001001
10100110000000010011111100001010100100001000111000001100111000110011100001000111001111001001001101110011000000100111100101101001
00010011110010000000011001100001101000001010011101110101000100101111000000111110000001001110110011100011000100010000100101100110
01001100111010000001010100100101100111100010100110100100000000000000000000000000000000001110000001010001000011100000010000100110
11000100010010001110010100010011000001000010000011000010100000010000010011000101011111001000101000101000111000110000010010101011
00100001100010100011100100001100001100111010000001010111011111000001000010001001100100000100001001010011100100001100011100101110
00100101001100000000010001101001011001010000000111001100101000010001000001000110010001000100001101010001000001000001000101001110
01000011101001001001011100000000000000000000000000000000010001010011110000110101010000110011100101010100101001011010001001100001
00110100111000010000000011000001100110100000101001001000100101001010010100000100111000100010101100000110000101010001101000010010
00111001101001010010011100100101000100011100110100100100100100001000100010010000110010110000000000000000010011001100010001100001
00010000110111110001111100010000100001010001100110000011000100100011100001000110011000010010000001010110000000000000000000000000
00000000010011101000011001110100001100111101110000000100110010010001001111000111000011001100000100011000010011001001100010011100
10010000110000101101001101001011000000111000010001111001110100101000111010000010101010001100010010100010000110110001001001001010
11110000100001101010011011001000101110000100011010000011001010111000011011100010101011110100110000001001010111000001010001010010
01001110010000011100001001011100011010000011100100010100111001001010111010001000001000101101000010111000000100010000001001110010
01100000000000000000000000000000000000000000100111100010010011100100010000000100011100010010001010010010001100001000011000100000
11000101001001111001010000101001000100100110001011011101110000001000101110100000100100100110010000101010111001011010010010010110
10010001001110100010100100010001111100000011010011001011000100100111100111010010010010010000010011110011100110011100000000110011
10001000000100111010011110011000100101001111000000111000000101001111000000010000001001111000101001101001101000100111000010010011
11001010010011010110011101000000100110000000000000000000000000000000000010000000000110100000100010001110011100101010100011010010
11100010001011001000010101001000010010101001110101101100100100010100011011000100010010111100001111000000001000001000000100111010
01111001000011101000000010011100111100000010001101000010001000000100001001000110100101100111101101010011100010000001001110000100
01010011100001000001100000110011000001110110100000110000100110001010011001100001110011001000001000100010111000110110010101001000
00110100100100011000110000000000000000000000000000000010000100000001001001000011001111001110100010110100001000110100010001000101
00110000100011010000100010011011001001001111001100100000110010001010010010011110001010001011011010011101000010100111100100100001
11101101001110000001100001110100110000010110010000110001110011011011000001000101101001001100100110000110011110100000110010110010
11011100000110010011110000111000100101100101001100101110000011011110000001001111100010100110001010001000011010111001000111000000
11001101000100100100010110001001101001110100111100011011010000011000010100101100011110000011010010110010000010110001001110111010
10000001001111001000100000110010011001000010100010111000100010000110101101000010011010100101001000000001001100000010011100000000
00000000000000111000001100000100001000000100000101100110010101010011101001111100100001100100010000101111000001100101000111000010
01100011000100001110100000110001111100010001011101010010111010100100100000100001001000101000100111010101101000101001101001111101
10000000001101000010100110100100010011100100110100001110100000110010101000100101100010000011110000101101000110011100000101001111
00010101010011010101001001111001011101000010100100100110100101100101101010100001100001010000111001000110010011110001010011111001
10010100110111000001010011100100110100011010011100100001100111100001111100010001011101011110010000111011000000100001001100100110
10011000000000001000110000000000000000000000000000000010010100100100010000001001100001000000010010000010000000100100000110001010
00010010010001111100000101110000100011001100100100111110010001011101101001101101010010010001100001101011010100011001110010000010
01111001111110001100100111100010011001101001100100110110101010000110101000110000010011110110011001100000010001110110000111000000
11001101000100100111111100100001000111001011000001100010010100100010000010001111010000101001001001000010011000100101100010101101
01000010110101100001100010100000100110010000011001001011000011000100001001011000101110000101000010010001010010000000010010100000
00000000000001000100000000000000100010010110010010110001101100001100001100010010100010010010000001111000000111000001010010011010
00001011100001101111000000010101010000010111010011010011011000100101110001000100000011100100111001010110010000111000101101000100
10001101000011100101001001001100101001111000001010011111000101010100101011010001001000001001110100100110100010010000010011010001
01111001000110001001010001111001000101001011001000111000100010110111100001101010011001111010111001011011111101100000100011010101
10110000101011000110001000001011110100011001001001000100010011000110000011010111001000010101001010011100100001101101100101011011
00001101101110010101010000010011100000010001100001000100000000000000000000000100000000000001100010010001000001001100110100001001
00001010011100100101100110000000100010100101111001010001100010001110000011011100011101001110100110100111110010000110010010011010
00001010011110010010110001000111100010111000110100001100001100101001001111000110110010001010011001000110011100100011101000110001
10100001011101000011100100010100010101010100001010001010000010011010010011100010101000100110000101011100001000110001001011010001
00101100110010001010111010011111000100101001100110001001010010010111011001000111001110100000100001001000101101000100100101100100
10011110000001001110001001111000110011100001000101111111000010010110010001011011000000100001111100000001001001101000100100100000
00000000000000000000000000100011001000010000001000110000001011011011000100011001001001101000011110010100100000000100111010010010
00111001110001100001100101101100111010011110101110001011100101001101000100100101100110111101010110101011011001001110000101111001
11000101110100101111010100101001011100111000100001110001010011100000101000101001001110100000100100100100111000100010001011010001
00100111010101011001000101001101100011010100111100111011010010011001111000001001100110001000110011110111010001010011010000110010
01000101000100100110010111110111001011111010101100100100010000101001111010011001101101101100001000011001110100010110100001010010
11011000100110100000111010000011010000100001001001100100101110010001011000110010000010000110011100000000000000000000000000001001
10011001000010010000110010010000000010000101001011000111000111001100001001100001001001000011001011000101001001010010001000010100
11010011001000100100000100001101010010000010000010001110011010011101000100110001100010011001100100100100110010011101100011000101
00111010010101000101000110101001100001100010100000100101110100010000111000100111001001000110001110010010010110011000011001001010
11000100101000111100000110100100010010111010000011001001010101000010111001001010100110010110001111000101001111001000100101010011
00110000110010011100101001100100100100100001011010000010100011100010100110101101000100001111000000111000100011000101001110000000
00000100011000000000000000100110000000000000000010001000010111100101101100000001100110000010001100010101111101000001010101100100
01011001000010100111010111111001110001000101000101100011000111001010001100000110100110100111100111100011101101100011100001001001
01010000011010000011000111001010110100110011100000011000001011101111000000010011110011010000010001110011101000000110001101001111
00000010010011001000111000011100110001100111100111111000000110010110000110110110011111101010001001111100100011110001001010000011
00000110100101010101010110110010001110001000101100111010000011100000010110100110010001111000100100000001101100011111000100011100
01001110010001011001100001001010100010000001010101001111001111001100000000000000000010011000000000001000111110000010100111011001
10000101010101010100100100010010011110001101001100100001010011110010110001110101011011000001001101001110110000110010001110110110
00111001110010001111100000101001101001100100101110001010110001101001101010101100100100011000011001001100010010010001010010111010
00100010001110000011000010101100100010100000100110011010011001000010100010111000100010011111000100101101001010100001100010110001
00100001000011101000001010011111001001001000101100010010011000100101001001111000000111000100010000111010011001001110100101100100
11010001001001001001110100101001000011000010110000101011000110011101000010100110011000010100010000010111101001110100001100001100
10101000010110000101010001010011000010110011010000101001111001110000000000010001110001100000100011000000000000001001110001001101
10000101010001110011001100001010001000011001010010000100001101100000001101000110010010101100100010010001000110000101101011001001
01011100000011010101000001101000001100001100111111010000010010111000100100110001100110101101010100100011111010001011000110000100
00011100010001001111001101010010100101001101100000100111100101110100001011110000011011101100010010101001100101101010100000110110
00001101100000100110011100101001101100001100010110000110010011010011011001011001110000100101101100001001110010100100011111000001
00101010001001110110001100001001000100000100101100001100011001010101001111110100000110100000110001101111000000100000100011010011
00100101011000010100000000000001001100000000000000000000000111000010101000001001011000110100110001000000100100010010000100000011
01100000001000111001100011100000100001100010010001011101100010010111100010010000010001010010010001010000011000101001001111110110
00011110000000010000010010110011010100101000011100110000010101110010101000011000001101010001100011100101101101100000100110100101
10111000110000110110001111010010100100110110001000110000010000110010001001010100110100011101010100111100100001100001010010001000
11001100001011001000111100100001110011000001000001001000100110110000101010010010001010011101000001001100011000100010100110100011
10001010001010001101101010101010010010000110000010011010011010100100000000001011010000000000000000000000000001110010001101111100
10001001011100110000000110001001001000010100110110100010001100001100000111100010111010010100110101001010011000100010100011111000
10000100110100001111100000010011011110100000111000100010000110000010000110010010010010011111010001000001100010001100111100011000
00110011100001110100010100111100110011000001101100110000011010000101100110010010000000110000101010010010001110011010000011100010
00100011101010100100100000110010000101111010000100110110001010011101000001000001110000001010001110110111111000001011001001100100
11011010001001100000110110010010001101000010001000011100111010001001100100010111000010001010101101000010011000100011101100000000
10000001001001001010000000000000100011000000000000000001000110100010010011101100101001111001001010000110010111100000010100100110
00011001001011001100100110100011100011110110100101000101000001100100100100011100001000001000010100110100110101010011100010001001
11010100110010111001000101000111100101010100011100001100101011000101010110100010011100010000101110100110100010110101011010111001
00001100110011010000010011100011001100011000101100100100111010100000001110100010100111110011000110101111010001011001111110001000
10000110001110010110110010000110011011000100101001011001011000011000001001101101000010011001011000110011000010011010000010100110
11010100001010010110000101000011110000001100001100110101010100111100001010011000010110000100100010001110001011001000100000000000
00000000000000000000000001001100100011000100110000100000010000001001010011001001000001001110110110000000100110100011010001011000
10100101100011000110001110000001110000110010000110110010011101001110110010000101010010000101101100010100101100011010001010000110
01001001100100000110001011011010000101100110000110000101010101011100000011001110110100001001001000110010011010000010010110000101
00010100111100100100010001000101110100000100111100100010011110000110100110001111000101000100100011001010101011011001000100000010
01000111001001011100000011000110100111110001100001100001010011110001000010001001110100000010011011011001101100001010100111100001
10010111010000011001011100001010100111000000001000110000000000000000000010011110001101001101000000110010000110001101000010010000
00100110100111100100011010100011000100111000100000100011000111010000001011000110100000110010111001000101000101001011001111100010
00111100011000010000001000010011000100010110001100010011011101100011000011001001100100100110001100010000111100000011001000011100
01000110001001011100000101101000010100100100101110001000111100000101100010100111010100000111000001011100010001101000010001110000
00110100110011110100100001010011000101001111001001000000110100010101001110100000100100010001011110010001011101100010011100000101
01001001000100010001000001001101000100100001100000100100100001100100010000001001101000011100010100010110010000110011000000000000
00000000000000000000000100100100111100100010010101001000001001010010011010110000011000100011001110100111001001000010010111001000
10001001011100010110101001101001011010000101000011001100110010000100100011010001011100000111000011001001010100110001000100010000
00100011010011001000101000011010110010001110000110001010010010011010000101100101010010010110000001001001000011000011000000100111
11001010011110010100111010011001011101001100110000110111010001000011000010101001011010011000101000000001001011000100100001100111
10011000100000010001101001001001111111001000010011100110001010011000100010100110001001001100001100000000000010011000100001000000
00000000000000001111111100111001001011001111111111111100110100100111001111111111111100101110110101100111111101001010010001100010
11111110100011001101100110011111010101011001100001100111111111001101010110011001111111111111100101110110101100111110011001000111
11101111111111111100101000111111000001111111011111010000001000001010000111110111111111011110100000111111011101000001111101111010
11111111011111011110111111111001010011000111011111110011011010111111111111000011110011111111110111011000100011110001000100001111
00110011111110000011001101011111101000011000011111111111001010100010100011000010101010001010001001101100110011101000100011101000
10100001111011101010011111110111101101111110011010111110100111111111101011011101110110001010111111100001100010010110110011001011
00111010101011010101011110010010110110011011011001101000111100001111101000011010101011001110101000111101111001011011111111101010
10001111111110100001111011111111111110010000000000000000000000000000000010111111101000001111000000101111101101111100000010111111
10100000110101100111000010110001001001100010111111101000110100111000011111111110000110011000011110000001110011010101100111100000
01011111011101101011001110101010110001111111110111010001001001111101111111111011110001110100011101000001001000110111111110001111
11101111101000100100010100000111010101010010001010001000111010001111001100100100110011111111110000001000111010111101110000100100
10111110011110001101001110110101100110100001100110101010010011000101111011001100001100111100110010100011000110001010001010001100
00110011100110011010001100011000101000101000100011110001000101011101110110111111011110110001111000011110101110111010111110100010
00111100010001111111011101101100110101000100000111010101011010101011111100000110110011011011001101100000110111111000011011111111
00100110101010101000111101111111110111101110010010101111111111010110111111110000010010110011011111110010000000000000000000000000
00000000101111111011000011110000001011111100001101111100000010111111101100001111000000111111110010001100011001100111101100000100
01111000011111110100000011110000001011111000001111000000111010100110011111010110011111111100011101110111111111100011111011111010
00011111011100110110000011100010001111110011011111101111010000111110111101000111111101111100111100101101111110011111101101010101
00110011000010100010001110110111110100000111001100111101100001000101111110000111010101010010011110000111101001100110000110011111
10000111110001001100101011101110100010111011101110100011000110001010001010001100001100111111000010100010001110100010100000111011
11100111011011111111111001000101111000110111011111001010001111111100011001100111001111100110000101000110110011011000011111110101
01011010101011111110000110110011011111111001100001110010010101111000011111001011010001010011111010101011001011111110000100001100
01111011111111000001100110000111100000010000110001100000000000000000000000000000111111110011100000101100111111111111110011010000
01110011111111111111001110000010110011111111111111000000111001100111111110010110011001111101011110110011111111111111001000001100
11111111101010011001111101011001111111110001110111011111111110001010001111111011010100010011101110001000101000010100011111101110
11111011111100110000101011101000111000100000101000001111000000011001111111111110011100110111010111111111100100111001001111111101
00011111000011010001000011100110011111100110010011011000011111111100010011001010111110011111011101110111010001100001010101000101
00010101111000011111010001000111010001010000101101110111110110011111110111101111111100011110000111101111101100111111111111011111
11100011001111111111110000100001011011001101101010001111010101011010101011110000010110110011011111111001001001100100001111010100
00111100001111100101100110111111111101010100110000111111111111011001101101111111111111111010000111001111111111111101100110000000
00000000000000000000000010001111110000001101101000100000111100001000100110110110100010000011110000000000011000100010100011111100
00001101101000100000111100000100100111110110100010000011110000010010011100100000010001111110000000010000000100111001000000010011
00010000000100111001100010001001001110010000100100111001000010010011100101111100100100000111000111100110001101001000001110001000
00100000001001111101100000100000111100001000100111110110000010000011110000010011010000111101101000100000111100001000110100001111
01101000100000111100001000100111001000010010011000100000001001100000000000000000000000000000001001010000100101101001000000000001
00101000010010110010100001100100100100111000010000000000110001010010011100001001000000100010100000000001000010000010001000000000
00000001001100100010100111010000010000001000010000011001001000001000000000000010001100001001010001000000000011000001100010010000
01111000000100000000000100101000000000000000000000010011100100100000010010000001001010100110001001110000010000101000110000000010
00001001110110000101010001100100001001000110001001011001101100111000001001111000001000011010010010011101010011100111000000011001
01001100011000001010110010011110011001000110100001110001001001010011000110000100110000111000010010011010000010001100001010101000
11000010011010011000100111000010000110010001000110000000001001110100001000000100100000010011010011100000000000001001100000100110
10001100001001010000100111000000010010000001001001001000000110011100000010011100100101000010010100000110011000010010100001101000
10010010001000010011000100011001010000100100100110000010101010011000001001100010000100110011000000010000101100111001100110000010
01000000101101110011000000000100100000001010110000010010110001100000100101000010011010001100001001101000110000110001001000000000
00000000100100010000000100100100110000010010000000010001101000000000001000000100101000000001000000010010100010000000100101000100
11000010000000110001000110011000001001100000010010100000010010001000000100100100100100101001000000010010100100110001001000100000
01011100100101001000110010010100000001000000010010000010001100100110000000010000010001110010010010010011000001001001001100000000
00000100011111100000000100000000000000000000000100110000100110000010000110010100110000110110000000100000000010011000000000100001
00010001010011101000101100100100000001000010000000000100010001000101001110111000011010010100000010011000100011101110010011010000
00010010100000000000000000100111100101100100000010010100000000100111000000100000000000000000000000000000001000010000000001010010
10000100100110100110010000100100110000000000001010100010000101000101000111000110000110010110010100100001100111000100110010000101
01100101100100011000011001110001010010000110010110010001100010000010100111100010000100001100011100000010001100001010010010000110
01000100011100011010000110000000000000000000010000111100000101000110000000100010000000100110010000100000000010001100000000000000
00000101111110110000000100010010011110010000000001001010000001000100100111100100010010000001000001001000010000010000100100010010
01111001101001111100110000000001110100000001000011001101001011001000010011101001001001100000100000100100000010101100001001001010
11000100111011001110001001100000101011110011100000100001001001001000100111000001010010110101000000000000101010000100111011001110
00100101000010010000000010010010001001001110000000000000000000000000001000110000010010100000001000110010010001000111000110010001
01111000000100011000000000001010100000100011100101000001010011000110010110110001100000100101100110000001001011001100000011110000
00000100101100010100110000100000000000000010000010010110011010011000000000000000000000000000000100111000000000000001000110010010
10000000000010000110011110011000001000001001101101000100100111010001100100000100110100100110101000100010011001010011001000101011
00110100010100110000011010010001001100001000110110101010010001010011010011000100010000001010010010001010011111001001000101101010
10110000000000000100011000001001000110000101001101011000100111000000100011000001000100100011100110110101100010011110010100010001
01001110000100010100111010001110110000100101010000100101101001001100100110000010110001001100000000000000000000000000000000011001
00100011001100001000000100101001000011000111000010100100000100011011000001101111000000100001100111010010000100000100000100001100
01110011110011101111000000010011011101000010010011101000111001110001000011011110001000000100110100101010010000000000110011000010
01110100000110011000010011111000010101001111001110110010100100010011010000100110000101000100000010011100001100110000010111110000
11001100100000010111100010001101100001100010011110001000001001101110011100101110011000100010001000000100100100100001001011000111
00010000000000000000000000001000011110000010000001000010000000011001100000100100100001001100011000010111000100100111010100000001
00000100101100010011000100100010101000100001100110110001001000110110000000001000101000011001110001001101001111000011001110001000
10100111001010010100110001000010011001000010001001001001100001001101001100110010100100100001100111000000011100001001000000001001
10000000110110000110011000001000101001110100001001001010001000110011000010100010010001110000001010011010001100000000000000000000
00000110010010000000010011110011100000001110000010110010010010001010011001001100100101100001011100000100010001010011100001000011
00011011000001110011000010101001110101110001100001010100111000010101011001001101001100001100001101010011110011100101010000001100
00101000000100001110010011000100101010110111000100011001101000011011100100101001000010010110111001001101001100101011010000010010
00111000010000000010011001000111100001010010000000110110100011000100011001101110000001101011011001010110001001100000000011000100
01100110111000100000000000000000000010000001000010000100001000001001110000001100001010010101111001000011000101000011001011101000
01010011001010011001110100010100111000100001011110100000110001010011100000100100101101011000000010001101000110010001110001000111
00010000110001010000110010001010001110011001000010001001011001011010011000001110000100000000100110010010000100001110001010110010
00100010000100100000010001100101001011000100101001001001101001011000010100010000100101100111010001100001100010010100100100100000
10000000100011100000010011100010000001000011001001001000000000000000001100011000000001001101001101000110100010100111100001010001
10000001001011000111001110100100001000100110000101001001011001001100001100000011010000101001011001110100111001001000100001010100
11001010011000010100010011101000001101000100100010010011111010001001000010100111100011011010100010010110110010001000010110000011
00001001101000010010011110011111001101000001001010001000010100110010001010000001101000001100110010001000000101100010000111000001
11010110111000011001000000100111100011011011010000000010001000000010000101001100000100011000000000000000000010000100001000100010
00100100101010000101000111101100000010111000100000001001011101010010010000110000000100001100111011011001011001001001011000000100
01110000100001000100100101010010110011110001111011001011001001001001100100100010000000000010000000100111010001110011110010001100
10010000100001100110100101001000000000001100010010001000100100011010111000011000011011011010010011000101111100100000010001010010
01001011100100100010001001001100100101011010001010000000000010000100010000101100010010100100001000010000010000110011100000000000
00000010000000010011101000011000110000001001101000011001110100100010100111000010101001101001111000110100011000000011010001010101
10001010011100001100100010011001000100100011010001000010010101000000010000110011100100111100000000100100100111010010010010101100
01000100100000100100010110110011100010000111100010000110010100100010000010011101101000010100110001001110010100101000111001111100
10100110000100101010100111010011110011101000000100001100000100100011000011010001001100100100001001101001100010011111000110000010
01110000000001001101001100000000000000100101000010000100000000100110010110101000110101011011000011000100001100110001001100000011
00110000000100000100110001000001101010100100111010011000010001101000100001001101000000010011100011000011001000010010011000001000
10100111010000101110001000000100010010001011000010101000001001101100001100000100000100110001000110100101010110110000011001000100
01000000001000001001010000000001000100110010000110011000001001001000001001110000000110001000100000000000000000000000010000101001
10000100111101100100110100011010111110011110011101000110000000010000010011011001100001000011001011100001010100111001001010100101
00000100100111000000101000101000011001011000111001110010011000000001000101110000001110000101010101110011010110100100111100110100
10001000010001000110100000100000001101000001011010000011110000001100001100111010110101001110100010100110000010000011000100011011
00100110010001111011000011001010010011101100000110110001100001000100010000000100100100000100001110100010010010000010011101001101
00011000010011000100000011011000000000100111000000000000000000000010000101001101001110001000000010010010001000100001011001100000
11001000010001010100101111010010101100111000100010100100011000001100101010110010010111001000100100110111001000101001000010010101
01010010000110011110000110110101000101000010011101000000101101110110000001001101001000010110100010010101000100000110001010000010
01110011011000100100101100000110001100001100001100001000011001101001001011110011100000101001001000101000010100101010000110010000
10001010000110001101001010010001100010000000100101100010001000010100100000010011100010000000000000010010100000000000001011001000
11000001100011000100110010001000010010101110000100100111000000100010100111000100001000010011100010000000010010001000000100010100
00100000100111100011011010110000010011100100011010010011100000100010101101100110001000001000000100001010001101110001010010010111
00010001110011000001000111110000010001001100110010000101000010100100010001100100101000100000010000010011000100111100000010010100
01001011101100001000000100011000100011000001001011001010000000000000000000000110100001011011000001001110000100110010001100100111
00101100100110100000110010010010011101010110100110001001000010001000011110000000100110111000010101000111001110010011100100011000
00100100001011000100011001001010001001000000010111000001000011001100011011000000101110100110000000000001000001101000001010001010
01101010110010001100100001001001111001110010011001000111000101001110100110010110000100100000000000100010100111000001001100000000
00000000000001000100000000011010000101001011000100001010010010000101101110000100001101010100011010011101000111100101001010011100
10010001100010100010010110011110100101101000100100111100111011110000000010011100110100000101011111001011001111110100000100101010
00111001111001011001010001001110100001100110011011101001001110010110000110000011000100100000100101110010010011101000000100010000
10100101000101000000100100100011010010101001111011111010011000111100101010100111001000000010000001010111000110110110010001001010
10011101000100001000110010000101001100000000000000000000000000000111100000000100001111100101001001000010000111100000100101001001
00001100111000100101010010110010100101101000100110100000000010000100100001111010100001000011100110000010000100110100001010101000
00010010111000101000100110000011001000101000010100111001101000010001000101001010110001000100001001000101100100110100100100110001
00001011100000111100011010100100000010011110001001101100101100110001000101001101000010110100000110010110010000001110111000100100
01100100001011010001001100010010100100100001100001011010000100100100000000011011001000110001100000010000000101010010000110011100
00100001100111000000000001001110000010111000000010101100000110100000101000101100000110010011110100110000001000000010010101000011
00111001010110011001000101001011011100010001110000001001000010000100010001101001111011011001011001111000110100011000100110010010
00010000010001101000100010000010101000010011010011110010000000100110001001110100001101010001001110100111100110011100010000010010
01011000100010001000010011010001011010101001101001001111000000010010010011100100000001001110010011000100000100110100111000001010
11000000000000000000000000000000000000000000000000000000000000000000000000000000000000000000000000000000000000000000000000000000
00000000000000000000000000000000000000000000000000000000000000000000000000000000000000000000000000000000000000000000000000000000
00000000000000000000000000000000000000000000000000000000000000000000000000000000000000000000001100000110100010110000011000010000
11000101000100000000001000011000101000001001110010001001100000111100111001100000110100010101101100111000000001000011000100000110
00001101000101100000111100111001100000110100010101101100111001000011000100000110000011010001010000010011100110000011010001011000
00111100111001100000110100010100000100111001100000110100010000010001001000001001110011000001101000101100000111100111001100000110
10001010000010011100110000011010001000001100000110100010000011000001101000101100000111100111001000011000100000110000011010001000
00000000000000000000000000000011000001101000010000100010000000000001000100000010000110000110000010011100110000011010000100000000
00100010000001100000110100001100000100111001100000110100001100000100111001000100000011000001101000010000110000011010000110000010
01110011000001101000011000001001110011000001101000010000100001100001000011000001101000011000001001110011000001101000010000110000
01101000010000110000011010000100001100000110100001100000100111001000100000011000001101000010000000000000000000000000000000000000
00000000000000000000000000000000000000000000000000000000000000000000000000000000000000000000000000000000000000000000000000000000
00000000000000001011011001011000101000010010010010010110001000100010111000101000100000010010101010100000010101001000010100101010
01100001000110000010001110101000100000100101011010001001001110101101100110100100101010000000000111000000110010101100111000010000
10011000001101110100000001001110000100001100001000000110001010111001100000000010010010001100011001001001011100000100011100100000
10011011001110000000000000000000010010010010000001001100000000000001010010000000010011000000001000110100111010001101000111110000
01010011100100110010000110011101001001010010100011100111101011101001001000111001110101111001000111001111101010001100110000001001
10100111001000111001011001010000011010000110000011110000001010100010001101000111000110010000111001000111000000100100010001110011
11000111010100001000111001010001001111001111001011001000001010111000110100110011100010011000100000001001100000001000110001001010
10001101000111110001001100011101111000000001100100010010001100000000000000000000000000001000101001001001101000100010011010010001
11000100000100110111000001010001010011100110011010011110010000010010010011010001010100101000011001001001001000101111001000001001
00101101000001000010000110000110010011110010000010010111001100000000010110110010000001100100101101101001000100010000010001100100
01110011011001100001010010010000011000101001000101000110010010110101110011000001100100101100110100011000111000110011101000000000
10100110011000010001110010110011000010001010011110010101001010100111101101000001001011001010010011101011100000000000000000000000
11001100001111000000100000001001100110100001011001000011000010010010001110010001100011000011000100010100110100011010011111000100
01010011000100011110001000101101000100010101100000000010010110001110111100000110011001010011100100010100011100101000100010100011
10010110011001000001001101000100100110010001010011110111100010001110010110000010000010010111000110010000000000100101100000001010
10000000000000000010010100101011100000000000000001000100110010001000000000000000000000000000000000011000001100001000011000100100
11001100101110001000010100101010001101000001001101000101110000010100110001010110100110100110000100011000010010100100101001101000
01000011100010000010100110101000000000100001000101011001101011000000100011110000011011000011001110001000100101000101010001000111
00000100000010010000001111000000100011010010000100110100001000100001100000010010000010010101001000100011010001111000110000001011
01000001000001001001100110000100001000100001000000000000000000000000000000110100001000000111100011010011100101100011001000100100
10110010001010101000111110001000100100100011010001110001111100000100100101010001110001110011101010010001100001101001000110011100
00100001001100110010001001011110000100000010011011001110000000101010010010000010101000111100001001001111001100001000010010010110
01100001001101000110000100110000111000000100000000000001001010011001000100111000010010011000110010001000000110010001010001001001
00000000000000000000000001001100000000001001110000100110100111000010001111100001001001111001111000101110100000001001001001010100
10100001100010100111010000000100100100101000010010110110100001011000110001100010000001110001000010011100010000110010000001000010
11001100000000010010001000000100111010101000001000100000100001100010110011000001001110100001100011101001101010100110001001010111
10000000010001001010101001010010110010010111010110001001100010011101001100001001110100110010101010001111100001000100110010011100
00000000000000000000000000100010000010000111010000010100100011010000010001000010001100010001010011000111000100011000100011000011
01011100011010001111000100010100110010101100010011101001011101011000100000100000001001100010000110000100000100110100011100101000
00010011000100101100101110101001100000100011001000001000000100011001001001000000110010001000000001100011001110000110110111101001
00000100010000000000001000000001000100010010000010000011010000110000010000000000000000000000000000000000010000011010000101001111
10010101010011001000011000101000111100101010101100010000110001010001111001000101011101001110110001000110010000100111010010010001
10011110000001000100101100110100101010011000101101101010001001011001111000101011000010010011000010101000001000011000011001111100
01100001100001100001000011110001000100001100011111000011010011010010001110000100111010000010010010001110011101001001001111001111
00000111001100000010000010110110011010001101000111011011000101001110100010111000100010010111100000100001000011000100100000101010
00110001010010000010111001001011000011100001010100011010011110010001000001110001101100011111100100000010001110010011010110000100
10101000010011000100100101010001001110000000000000000000010011100000001000101001001000011000111001011000001000010111000001001001
10011001100001001111110000010100011000100001110100010011000010101001101000110011100000101000100100000110010000110111110010000110
01100000100000011100000101110011000000100110111000011010011110011001111000010110001100010001001101000011100001011110000011110000
00101010010111000001011101000001000010010000111001011001110001000001100111000111010100010001011000110101001010100000100110101111
01001001000101101000010010001010010111010000011001000011001000101100000110100011111000001110011010000110000010010101000011000000
10111111000100100100010010000101011101101001001111000001010101000100110100111111000010010001110011010001010000010000010011010000
01001010010001100100110000100001000000000001001111110000010000000000000000001001011001000100011100010100101100101111000101001100
00101010001001100010001111001001010100101000011000001001111100001010001101010010010010110000110101001001101000100100011010011101
00010100011100111110011100001000001000110100101110011000010001111100010001000100100011010001110000010110010011011000010100011100
00100100000101001110100010001100010100100011100010011010110000000101100000100110100010110010000111101100000011001001011100001010
11100001100001000000011001100000100011100110100011011011000000010001101000110111000100010011010110110010110000010010010010010011
00101100010001110011000001001000010000110011100010011000000000000000011000100100000000000000000001011010100000100000100111010000
00111000000111000100010011101000000111100000000001001101110000100101100101001100110100001111100000011000100011100100010010001111
00001010111000100011010000101100110001110110000001001001000101101000001000100100101111110001001011100100101110100000010011110001
01011101100110010110110000010011001101000010010010010011011110000001000011001100101100100000101011010001011101000001000000100101
11001000101001111100011010101010100111010001111000010111100100001100101011110100000100000100101001010110101111101001101100100110
11001110000110000101111001000101001100001001011100000110110110000010100110011010001001000110010011000010000111010001001001111001
00101010111000001011110100101001101001101001011000110101100001011000110100010000000000000000000000000000001001011101000100000101
10001011001101000110100011010001010001010011111000010100001000111100010100011100000011101011000100011011000101000010010000010000
10100011100111010000101001001001110110010010010010111000100010011011000101000001011011000011010011001011110100100100000101100110
10000101000110011000011000110100001010100101000111011111100001010011010110001110100000100111100110101101100000011110010000100110
01011001001001001101001111100001101100001100001100111101110100010100011110010011010010010010010010010000010000101100000110001100
00101111110010001000011100100010111011000000011100001011000111110110000100100100111100000001001000011010011011001100001000011000
11100110010000000001000010100111000000000000000001001110000010001000010011000100101100010001000101001101001101001000111000010010
00110111010000000111100000010000011000010100100111100111100001111100010100001101001010001001010101111010011000101110100000110000
01100110101100010011010000110111101000100001100110010100101110000110011011001111000110010110010001010110011001100001110000111110
01010010110001100101001000101110100100100110111010001001000011100010100110100011001110000100010000110011001010101000110110010000
10011000001101001111100110000011001100011001111001111011100100101010011001000101110100000100001110100001010011011100000101000100
01001111100000110110100000100010000010001000010011001011010110100001000000000000000000000000000000000000010001110010000010010010
00111001101001010111000100000110101010010011010000101001000001000001110000101100101000000010000110000100001000011001110100110100
10110111001000111000101101000001011100001001111010000100010100111100101100100010011110000000100111011000100011011101000001001100
11100001001010111001101110000001110000011100100110011000100011001000100011100011111010000011110000101001101001100010000110011010
10110010000111100010101001110100110001101000001100010000010001010101010000110010001000101100100010010011011101000001100010100100
00111010010011110011010000100110100110000010011010011011011000001001000010010010011110010010000110011001001000000000000100001000
00000000100111010011110001100011111000011000111000011100100001010001111100000010110001100001000100100001111100001010001011000110
00100011010000101000001100010001010010101000001101000100110110010001010111001010110010101010011010001010010001100001101100100110
01000011000011101011000100101100010110110000111001100011001101100110000101110100001100111110010000110011010010101101100010110100
10101110000100100010110011000010010010000111010001101001011001100110010001011000100111101001010101011100110001100100010111000100
11001001000111110011000110001001011010010101001111011001000101001101000111001101001101100100010101001010001010001010001110000010
10110111010010001000001100001010100110100111100001110001000110001011001001010000100110010011100110001010010001100011001000011010
11101100010111000110010001001100010010010010001001010000000000000000000000100001110001100000110010000101000011011011100001010101
11010011101010011000110000100011100000100001000110101000111100010010000010001110011010010010000011001000011100001100111000100000
01001011100010001110010001011100100011100010001000101100100111110000011001001011001001011101101100000100110110000101010101010000
10100111100110100101010000111010010011000010100000010101010001111100010001001101000111000111000011100010110111000000111100000010
01101000010011000100011001100100011110110000010010011000100101101000010000100010100001010001110010101001011100100010100111100001
10101001100110000100001101001010011101000011000000000000000110100000101101000001001001100110000011000000000000000100001000000000
01001011000000001001001001010100110100111001001011000100100010011110000011000101001011001111010011110001000100000010001010010111
11010000100111100000100011100010100001110100000110111011010110000100101101110110011001011101000001000111001111011111000100100001
10110010010100110010000110011011100010101000011101100010101101100000100010100110010011111011010011001111000100001001000111000100
00110101101011001000111000001000011011001010100111100000000100001110100000101011001110101000100111000100011100010110010010010111
11001011001011010101011101000111001111001010110001010011000010101000101100100100011100000010101101110000110011001001010010010011
11000000101110100010010010101001100001001000100010010010000100011000100011000000000001100110000001001110010101100010000100100110
00001000001000111001101101000010001000001001100001001001001110011000101000100100100010100001001001111001001000001010011100000110
11100001011000010100001110000011010000010010010010110111010010110010110010001001100010000001000001001100100100110001000101010111
00111101011100000101101010011111000110000101011111000101011010001001011101000110100111110110001011100010101000010100010101101010
00111001011001100011010000101100010010001000011001001100010010010000010010000101010001000110100101100010101010101011011000100010
10001111110000101001101000110100010101100100110100011001001001000100000010011010010100000100010000000000000000000000000010000110
01010100011001000001001100110001001011000100011000110100111010100110000010001010001101000011000011101001010100111100111001010101
00000111001101001000101011011100010010100100010010110101110101010010010010010011100100010110000101011010000011001101000011001100
10010010010011101100000100100010001110001010010001100010100101111001100011000111100000001000011001111101010010010010110101110001
11000100111010001011110000001000001011001000011001101010011100011000100110100001100011010010111001100000010001110000010001110000
10100010010110010001111010000011111010000100111111100000110000001001111001000100001010110110011010011010011001100010001100110111
00000100100101000100001001011001001011110010100000010000001001100000000000001000010000000000000001001011001011000001101000110111
00000011010100100001111000100101011101110101000010010010001111001000100000100000110001000110001100010110001000110001110100000001
00001100101010110001001000010001001000101001100100101010001111000010101101000100111010100011101000001000101000000100011001001001
00101100100011000100011001011100001011100000101011100110001001101100100001110101100011010110001111001000100101100010110001010010
00001101000010111100001110011010010111010001101100100001111000100001001011100001011100011100010010010010010111001001001100011010
10011111100001001100110000101100110100001010110010010010011111001000101010100110000101010000011011000000010000010000010010101010
10000010110110010101000000100001010011100100110001001110000000000000000000000000100011000100010100101011101000000100110100111001
00110010000101000111000110001001101001100010111111101000001101001010101001001000101000011001100101011010011110010110101110011100
10000011000001101100110001100010100011111000100010001010000010011001000111001110111100010001001111001100110110001110001011001000
10111000000110010101000000110100010110111101001001100010010011010000011100000110010100111001100001100010001100110100100100011011
00101010100111100010100010100011100111100101100100100000111000100010011000011001000101000000011000100010111000000110010101000010
10010111010001001000000010011010010001110000100000100111110000101001001000001000101000010001000110100001000000000001001100000000
01001110000001001111000101001000100001110101001010101000100101100110110100001010101001101100000110100010011001100001001101001100
00010001000100011000100111011000010101001110100101100011100100110100001010011110011110011000011010000011000001100011001100101100
11111100000111001111100001010110001100010011001011000110101001010010110010010011101100100001110001000111100100111001010010000001
10011000010101001101000001100001010011110011010000011100000011000111110011000110000101001100100100110001001110100111000010101110
10000000110100000110101011001001001110000100101111010000010010010001111000110001001001001111001111101000100100110100100100100110
10100101001001001001100001010010000101001000010010111010000101001001100001100011001000011000110011010000100100011000011010001000
00000000000000000000000100001110010001001001111000011001010000110000101001000110100110100011110100000111000100010000100001110100
10010100111011001000101100100110110100100111100000100010010110001101001101001101011101000111000001000001001010010101011000101001
00111100111010011001001100100110010011011001001001101000100010011001001101100001011100010011000100101000110110110110001000011001
11100001010010010001010000001011101111010000010000110000010011011101010000100111001000001001010110001001010000010000111001000011
01010101011111000101111000001100100111100110101011011000100100100111010010010010110001001000100100110100001110000011010011011100
01000101110010010110000010001110011100100100010000000000000000000000010001100000010011000000001000100001111110111100110110011111
11111111011001101111111100110110010001101000011111001111111101111101100110101111110111010010111000101111111101110100110110101010
11111111010100101110011001111111101101001101100111111111111101010010111000111011111001001100110101000111111000001010001111011101
01111111011111011001101101111111111111111001110111111101000010100010011101100110011101000011111110011111110110010100010100001111
11001111111100000110101010111110010100110001011111100110010111111011111101000000110011100111111011110110100010011111000000111111
10011111010001011101011111111111100010100010100001010001111110011011100010111111111100010100010100001110111111101000100110111111
10101111100100101110110010101111110101001011001100100111111010010110111011011010011111010100100011101111111111101001111111001111
11100010111011111100011110011110101000101000000000011101000000000000000000000000000000001100000110000010100011000011001111000000
10100001000011010001000111100110011010010010100011110111110110011010111010001001100110000110001011111100010001010011100110011101
01111001100001100001111101110101001110011000011000010101100110000110001110111110010011010011100001111010010011011101111110011001
10001110100011101100111101110000101000101000110000111010100011111111011001001111111011101110100011110000111111111110111001001011
00101110100011111101111111111110111001001010001010001000111100110011111010101010010011000101111111001100110000111010100011101000
10100100110011100110011110001111010101000100100101100111001100110001110110111001100001001001110111111111111011110001111110111111
11100000010010011100110011100110000100011110101010111001100111001001010001101100110100011111111000011111100001011101111010100110
01010111011001111011000111001100110111011010101011100101011100011101111111111101010010011111110011111100000100011111011111100011
11001111100011111110111111011111110000001001001011100000000000000000000000000000110000011011111111010001110111111110000110011111
10000101000101011110110011011011111111100001110111111101101001001101101111010001111001001111101000100011001110011111101000100011
11000010101111110000011000011111011101000111011111010110111001100111000011001000111010001110111111011101110111110101111011011111
11101000110110000011100100010110000011010001011111011100101111110011001101101010101001100110011111100110001111011111111111101101
10000111111111110110110101010111111001000111001001111100010001100000110100000111111011101100001111111101010001101000111101000011
00110000111001110001100001010111101100001010001111110000100011101000111110001001100001101111100110001100110011111111001111011000
00111111101111101110111000111100110011111111000010011111110101001100101011100000111101100011100110011001111111010100111111110010
00101100001111111110010001101100111100100100010111001111100011001100101100001100110110010111110011010000001100010010101000000000
00000000000000000000000001010000001010001010111100001111111011111110000111011010011010001010111010000100001101000111110111010011
01100100111111110111001100111001111110100001101011111111010101001110011001111111011001111110011111111101001100110011111111110001
11101110110100001110111011101000010100011110111010101000111001100001000101111101100010111110100001010001001110110000111111111100
00010100010100001010001010000110101001111110011000111001001111101110110011111101010110001011111110011000110100011111111011110110
01111111111001100011010111111111011000011110111111010001010111111101111111110001001100101111111001100101010001111110011010100011
11110011101011101000111110010010011111001010111111010100100000110010011111101001011001111100101011111111110001100111111111100110
00111111011111110111110111101111100011000100101010111101010101111100111100000010000111111011110000000000000000000100110000000101
11110010000001100011010001001100011000110111001000110000011100100000010001111110000000011000100010100011111100000000110001000101
00011111100000000110001000100100111001000000100011111100000000100001001001110010000000100111001000000010011100100000001001110010
00010010011100100000001001110010000000100111001100010001001001110010000001000111111000000001100011001001001111101101000100000111
10000010010011111011010001000001111000011100100010011100101111100100000011000100111001000100111000001000100000000000000000000000
00000000010000110111010001000010000111101010000100101100101000100011010010001001010001011011001100001111000000100100100110000000
00001001011010100001010011011010000001000110000011000100101110000010100110010111101001001001010110000011000010000100100110010010
00000110001001001010100000001000110111000001010000100001101000101100010000100000010001011000100010100100000100100010011101000100
00010001110011110010000001101011000000001001010100101000010010100000000000000000001000011011011001100001100001010101111000000000
10010010000111100000100000010001000001000111001111000110000000000001110110000100101000010011010011000001001100011010010101110000
01010000110011010011000000100011001110001001010101011010001000000100101100011000010001110011001111000010011100010000100110000001
00111001000110011100001001000001110000110100111001111000000100000110100101010011110010110011100010001100001000010010000110011101
10010101011100000010010010000000000000000000000000100011111100000010010101001101000100111100001010111010100100000100101010100101
11000000110111001001000001000111001011001001010100010011100000100100000000100010000000000010001010011110000010000001001110100010
10010000100011001001010001000001100110000110101000100010110111001100010000101101010010011000011000111000010001000110000000000100
00000100000110010010010011101000011100110000100000101001100111010110100001001111101000101000100111000010001111100001000000000100
10000000010011010011100000000000010000111010110011000010010010001110010001100001100100100011100001100111010000110101000010000000
01000011001110100011100111000110001000100000001001101000110000110000011110000010001100001000110000010001111001001000111010010101
11000000110001111101000001000110100000000011101010010110011101000000001001100000100110010011000110011000110011011100010000001001
00000001000010110010010010011111100000010101111000111000000101001010000100000100011000001001100001100010001010010000000000000001
00100000000000000110010001010001100101001100101101110111000010001001010100101010101001110000010100101100010010010101001100001000
11100000100001100101001001111000111000010000010010010010100000010101000001100101010100101000100000110000011001100111000101110011
10000010100101000000000100010111000000100010000001101001010001000011000000010101000111000100000000000100101000001000001001000100
10110000011010011001110000010100100010011100001000010100000110011000001001010010000101001010000100000000000100001000000000000000
00000000001110101010111100000111011100000100001011001000101111000001000010000110011101001001011011000011110000010111100000010000
00010001011001000101110001100100111100100010000111001001101001100100111100101011001000100001001010010000101001100000100101000000
10011011101000001000001000011110000010100101000001000111000110011010000100111000001010010110001000100100010001010001101000111011
10111000100000011010000100110111000100000100010000100000000100110100000110000011010011100010000011010010101001110000110010001010
01110000110010011011100001000100100001100100010011000010100000000000000000000000000000001000101001111001011000011001100100010100
11010001110000111001100000101001100001010011101001110100001100011000000100111100011100111000001001100010001110011100000010001000
00001000000000001001111000000111000010010011010011110001010001100011001001010001110001001100011100100100000100011000100011100010
01001100100110100010011010011000100111111000011000000010100100000010010101100100100100111001110100000100000101001100111110100010
10000111000010000111100100001000101110000100010001000100011100111100111000000000000000000000000001101011010111000000111000001100
01000111110000010110010000101001100100011011100000011000110001001111110000001100010111001010000011100000011000000000010000011001
01101100100100011000100101100011100011000111000000110001100001001100100011000100010100011100011110100000111001011011000000100011
01110100000001001010001000100000100101000111010000110011010011111010000010100100100000000001110110000000010000010001100010010001
00010100011011010000011000110000111000000101000110001110000101011001100001000011100001010100111110001000101001110100111000000000
01000000000000000000000010011110010110000110011110000100010101110000010010011000011011001101001011000100100100010010100100101100
10010010011110000000011000110000100111010000000111000100110110100010010010010010000000100100001000101110100000100010000110100011
01001110110001010101001010100001010001010001111110010100101001100101100110110010010011100010001001100010010111001000100101101110
10010101000101001100100101010000110000001011001001001000000001000011110000001100001100100100010100100100110100010110101100101010
11110001001010001100100101101011100000110010010010010011010000011001100101100100011010011110111001000001100001010011010000010111
11000000101100100110100010010000110001010110011000110101101011000000000100111000000000000000000001101000010000010000001011110111
00000101101100000101100010011010101010000111010101111100011000100110010001110000010011000111000010000100101110010100100100000010
01101000000010001010000011000001100010010110011100100100101111101101001001001100001011010011111010000100111000010010001110100110
00111000010100101100011100011110101010011100000011000011011111000011000010100010100010010000010000011010100101100010010100000010
00111000111001001101100000101101110000011010101010001110111110011101011101001010100110110001010010110101101000011010000000100110
11000100101001101100010100010000111001000100000011000101000001001011001111100010100101111000110100001010000000100111100110000000
00000001011101000010000000000001000010101001001100101010001011000010011000100110100000100010110001000110011100010001010110111100
00111001000001001000101011100100010001110000111100000101100010101001000011111000000000010000100010101010001110101110011100001001
01100011011101000001001101000111001111100001010100011010010111110000001110000001100101110000101000001000111001111101000101101001
10000010010010001010001110001100111100000010001000001001111000001110001000100000100100011101000001000101000001000011001000110110
00000010010010001101000111100100100011100101000010000111001110000000011010000011001101000010100011011001000010100011100011010000
01010101001101000101111001000000010000100000000000000000010010101000011000110000100001010011110101001000111001010100100111100000
01001010100110010001111001110001000010100010001001101000101001010100100011001100000010001100100111101001000000100010000111100000
01000011000101001110101100010001111110000001110110000100001100111010010011000101001000100111001100001000011001001100010010110010
00011001000100010101111100111011010000111001101000101010011000001111000010011110010000100001011000010101011101001100110000101100
10011100100011110011100000100110100011110110001010011110110010000010001101001100010001011110000000100001100010001001111001011001
11011000011011001111001101011110010000010011100000000000101011000000100000000011010000100101100100001101001011010000010101101100
00101001101000111011110010010011110000001011001100010001010010110000010010010000010001010110100100101110010001010001110001100100
10110010010001011001000011100110000100000010011111100000100000010000100100000100101010001011000100101101000001110100001001011111
00011110001010010010100100101010000010000010011010011101011101101001001111100010100010000011000101000100100100100100100000100001
10011000010011000100010111001000110001000100110110010010010111010010001101000001010001010001000000010001101001110001001111000001
00100100100100010010000001101100100100101100100010001110010010000100000000000000000000000110101000101101100000100010100010011001
10100100010011100010000011101001001000001000010110100010001100100100011000100010110110000010011000001001100100000000011000110001
00110100000100010111000000111010100100100011000010010101000000001001000100110100011011000010101001111100110001100001100001110000
11101001111001011000100111000100010001000110001100000011100001000010001010000110110001110100000111000011101001111100101110000111
01010001000001100001010101011101010000001100011000010000110001001000100010000010011000111000100000110110000001000000100110100010
11001001001000101001100010011110001111010000010101110100001011010000101111010010100011000000000000000000000010000100001000000100
01101000110100011010011010011010001010111001000011001000010010011000110001001010011100000101100110000010110110011001110110101100
10011010000010110110000000010011010101110001000001000000001010100000100001000111001010011010011001000000100011110110000110000011
00100010100111100110100101100001110110000010001111000011100111100000010010110011000001000011001100111000001110011000000100100001
11000000110011010011100110110000000100000010010110010110011001100001010011100000111010010010000110010110000011000101001000100110
00111001001110001100001010111000000100100111100110100101110110010110011010100101000010100110101001000000000000101111000000000000
01100100100001100110001100111100111110001000101111000110000101100010001010010111100011001001111110000001100010100010010010101000
10100000110001100010010100100001100110100010001001101001010110001001000010010011001100000001000110000000110001010011100000011000
00111010000001110001000110001001111001001000110011000011000110001000001100110000100011111000000111100010001001111001010110000011
00110111000100011100010011101100000100001100011100001100001100001100000010011110000110001001100001010100100101010011000101001001
10010000110010100111000100001110001000100111110001001010110110001100010000111001000010011010001000100101010101001100001010100101
10000101101001001100010010010000101001100000010011100000000000000000010011100010010101011011000010101010100001100010101101100111
10001010111010001110001011110010011101000001010010111100010011110001100101101101100100110100111100101011000100011100100001100110
00011110000000010100110010101000110001001011000011000110101001111000000110010110000100100110010010111000101001001110100000100000
01101001011111000001011100001001110010001100101010001101000011100010110000100001100100100110010010101100010001111000011010010100
10001000110001001010000101000001000101100101010100010101110100011011000101001011011000000010000110001010001011100000011100110010
00001001110001100100100100000101110100111111000000101011011110000010101101000110011100110011001010100100000011000100101001000000
00001001100000101111000000001000100001000110010011010100110010101010100100110110000101010011011001100011000000010001011100100101
01110100100100101101110100110010100100100011100011100100100001100101100010101001000001000001100010010100110010011110000010010000
10001101000001001000100010001001011000011101000010010101110010101010101100010001010010001100100101111001010010001011010100011010
01101010010011110000110010010101001100101101100010010011110101000100111001001010110010101111001000101000111101100000100110100000
10000101000100001000001100100001110010010110010010010010101011010000101001111000011100100100101111110001100001000001100100100100
01000100110100100100011010000110010000110000011000010011010011001110010100000000110010000101100010100000000000000000000010010110
11011010011000110100010100111110001010011010000011000111000001000110000110100101010100110011011000101000011001000101001011100110
01010011011000011000100001100011001000011110001000000001101100100111100100010010000100001111000000110010110111100010110010011100
10011000100011100001100110100010100001010010111100000101001101000001001101100100001100111011101000001001111110000100100010010110
01001000110100001010010010001011001001001001001110010001100110100000100101110100000110010010110101000111001011011101001010011100
11000010000100100110111000101001101000010011000101001011111001001011011001110110001010001100001010011010000100001010101001111000
10000010011000110001010110001110001110010000000010000010010010010010000000000000000000001000001111000000010011001001111000001110
00001010001110010010001111100010001001101001100100000001100010010010000111100101101001001101100100010011011001000011000011010011
00111010010010011100001001110100001100001000101010110100010001000011001010000100011100111100100100111001011111001001000010100000
10000010001110010010001111000010101000111100010010100111110000101010011001100100010111100000011100000101101000010011000100011000
11100001100110111100000010001111000010101001110011001100001001011000101100100001100000010001101100101100100111100001000110001010
01001011100100010110001001011101000101000001011101000101000101000111001111100000110101101100110110011001010001110011110101110001
11000011011001000000001100000110110001000110111010000001000101000001101000001100111100111000010000100000001011110000000000011001
00110110001001010111010011001010111100011000011100001011001101000111000001010011011101110100000100111100100111100110011101001101
10100010010111001001011000101100000110010011100001100001010001001010100100110000011011000100010100101010001101011001000011001010
11000010101011011001110001010101001111001111000001000110110010000110000010010110101000000111001000110010111001100001000111000001
00010111001100010010010001011000100011001101110100010100111010000111010001011011001110001000010001010001110001000010001100010111
01101000001110100101011000100101100100110110010001011100000011001101000101001011011011001001011010010010011001001011100100001100
11101001011001001000111100010010101001010010101101001010100001011110100000010001110010110011000000000000100101000111100000000010
01110001001000011110000000010010001000001001101000110001000011000001000101000011001000010000110000010010100100101110100011010010
00001000001001110000100010100100100001000100101100111100111001000100001100110000010000110000111001000010100110110010000110001011
00100100010011100111000010011010000011001011100100100000111010001011110001001011101001100100011111000010010011001010010110110100
11001111001011000111001010011001000011011011101100000100101010011011000101011001110001101000001010001010001010000111000110011000
10100101110100010111101000000100001100101011000110001000000011010000101110000010100110100010000010011111100001000001101000001110
01000101000110000000000011101000000000000000000010000110010001000111001001001100001001101110000001100110110001001000100110100111
11011000001000011001000101100010011010010001000001011001011001001100010001010011111010010100100000000011100000011011110011000110
00010000110101010010010000011000110001001100000111000010110000101100011000110001010011010010010110100010010010101000101101000001
10000010011011100000101001110110011000010010010000110001110011110010110000110010010000011011000100100101100010110100100110000110
01111010100010001111100010011011101001000100001100101100110100110101011010010110001101000011100110000101110010001101100010100111
10010001000101001101000111000001000101001111011101100110101110110000010010010001101001000110001000111000011101100001010100100100
10001011001100011000100110000000000001001110000000001000100001000010011010000101000001001011100001010001011011000111001010110100
01001000101011010100010100111001001101001011100001100100001001001011001101001001100110000001000010001100010010001000001000010100
11001000010001001110100110011000010110010001011110000001100001100100011110100000101001111000101011011001100011000011011000100010
01101001001110000100110000101010001011100000101101000001110001010011111100001110001010100011011110010010100011011001100000100011
10001111011100001100100001100101101111010000011000100011100001010011000010111001000110000101110011010110110001110111010010010001
11110100010110100000110011100100100100110011000011000100111010110011010000011001111110000011001000101001011101100000111100000111
00010010010011010000010010100000000000000000000001111000000000000011011010011111100100011011011111110011001011110000111110101010
10000111100111111110100101011010111111010001000111010001010000111010010110100011000010101010001010001001101100110011101000100011
10100010100001101101001000111011100001100100001001100011001101000101100110011111111111111001011101100111111111111110010110011100
10101111111110010111011001111111100110011100011111101110111111000100111001100111100110000101000100111010100011111100001001101100
00111111110011110110010101111101110000110001000111101010100100000101000011000011111110101010011000011111110011001011010111111010
00011001100111111110000011010101011111100100100001111001100111110010010111111110010100010111011001100111111001100101100110011001
11111001100101110110011001111110011001000111010111111111100111001001011001100111111001100110100100111001100111111001100111001001
01100110011111100110010100111000100011110001000011111100111110011100011101111111111110111010100011111110010110111111111000011110
11001010111110111000000000000000000000000100111000000011100101101111100100110110000010110011011001100110011110011111100000101110
11010110100110000101010100011000110001010001010001000111101011010101000110001100010100010100010001111010101011010001100011000101
00010100010001111100101100001110111000100011111000010010101010010011100110011010001011001111000000101111101110111100000010111110
11001110010101101111101110111100000011010101011000111111011101111110001010010011000011111111111100110000111011111111100110110000
01111011111111001100101100110011111100000010010011001010111110111000100011110001000111111111001001001011001110011111011001100111
11111000010010011100110011111110000100011110101111110100010010011000011111110011001110000110011000011111111001100011000011111110
01100110001101010001011101101010101111010101010110011100110011110011001101110110101010111101010101100001110101011101111100111110
10101011110101010101101111001100111100110011110100000110101010111101010100110101010111100010001001001111110010011000011001010001
11111011111001100001000001011001000111101111111101000100100110011001111111100001000110000000000000000000010011000000010001011100
10110110011001111011100001111110000110110100111001111001101100110110000111111011100001101100110110101101011001111101111000011101
00010001110100010100001100111100101000110001100010100010100011000011101110011001101000100011101000101000011100101100001110010110
11000011001111011101111010111101111011101101111100000111100000011101010011001111111000000111001101010000011110000001110101001100
11111110000001111111100011110111011111001111011000011111110001000110000011010000001101110000110111111111110011001000111100110011
11101010100110011001111110011001000101111001100111101111101100110011111111101110001111001100111111001100011001100111110011001011
01011111111111000010010111001100111011101000101101010101111110010010010011100110011110011100010100010100010011111010101011110101
01010000011100110011110011001100111110101010111111111001100000110100010101111111011000011010101011110101010110000110111100110011
11001100111101100001101010101111111110011000011001110101010111110111010010111111100010100010101000110101110111001100000101110100
01011101000001111111101100100110110011011001100111000110000000000000000000000000011011010011111001100100001110000111111100101100
11100110011111110000100001111001100111101001011001101111000011101000100011101000101000011110000111010001100001010101000101000101
01111100110011010001000111010001010000110110100100011100101101010110111010111101111011101111111110010000011001111111110101001100
11111001111111110011010100000110011111111101010011001111100111111111111110001111011101111100111101100110011111000100001000001001
11100001101000111111000010011011000011111111001100011011010011110011001011110111001010000101000101000100110110101010111111100000
11100110011111001100011010111111110101010011000011111110011111011000011111111001100100001110000111111110011000110000111110100010
01111100110011111100110010000011001100111111001100100111110011001111111111000111011111111111111001110000010110011001111110011001
10100000111001100111111001100111000001011001100111111111100011111011101111101110011111101111011100111101111111010101011000011110
01100111101000000111010001111110011001000011110111111111000100010011000000000000000000000000000010000111110000000110100001000100
00111110000001000111111000011001011111001001000001110001000001000011111000000100000111000111100110001101110010010000011100010000
01000011111000000000011000100111001000100111010000011110000010010011111011010001000001111000001001001111101101000100000111100000
10010011100100001001001100010000000100111001011111001000100111001000000010011100100000001001100010000100100111001000000010011111
01101000100000111100000100100111110110100010000011110000111001000100110110110100010000011110000100010011011011010001000001111000
01110010010000010011000101111100100100011111100011000101111100100011100001000010010000000000000000000000010011000010000100000000
01000011000100100100001100110000000010000111000110001001101000110100101100001010011100100011100011100001001110100010101001001000
10011001000011000101010100000110011100010001011000110100010000001100100011100100010001010011110101111001100000100011010001010011
11001011100100010101010101101100010100011101110010001010000011001110000101010000010001110010011001000101011100110010100101001000
00010111010010001101101000100001000010101001000000011010110001001110001001000100100100000100011100100000000101111011001001000100
10100010001101001100100100000000000000000100111000000000000000100001001001100010011111010110000011010000011000011101000001100110
10000110011101000010011110000001101000011010000110011100000111000001010010111010000011000110000010001011110000001000011111000000
01100111000100001100000100001000010000011001000101001110100101110001100001100001010100111110010000110011010010100111000101001100
10100110001100100001010100101100011000110000011011100000101100001010101010000010011110010101000001000011001111001101100001011010
00001110000010111000001011010000100101111010000111100000101100100011100010001100000110100010100111000010110010001100100000100001
11100010111001010100101011101000100000000000000001001010000001000101000100000000000100110100010100011010010000001000001101000001
01101000100000111000000101001110100111010011101001110111100100000001100001010010010100001001100111100000000100100100101100011100
11001111000000010010010010001001101001110100100011000110001001101110001000011000011101001000010000001101010010100101000100010100
11110011010000010011010011101001000000110000101011001100001001101000000111000010001001010100000010011110111010101001100100001010
01111001110100110001001111011011001100000010101001111000000100101100111001001001000100100111100101000000000000010001110011100000
00000010000000000000011010100011000011101000001100101100011100110100000110000011010010100100000100000100000100100100011000011000
00110010000101110000001100011100100000110010000110000110011010001100000000111000000101100100100011010010010110100000100100101100
10101110001001000100101100110111000000110000010011010011011101000001010111100010001010010110111100010000101001010100110111000100
11000001001011001011001010000000110110100101001000001110101001100001100100000100000100001010000000010001110011100000100101010001
01001001110000101100001101011000000010010100000000000101001000000000001000100000000000010011000011011000000001100010001110011100
01001111000101000001100100001000000100000001000101110110000001000011001011000011001001001011001000010001101000001001011001110100
01011101000001010101001011001011001111000011101000100101110100100011100010001011001000001101001100111010000001010101100001100100
11100000010010000110010010010001101100010110100111101001101110100010111000010011110000001001010000100100100100000100100100100001
01010011000100011000101001111001111001011000000100001100000001000001100110000100101000000010011110010110000100000010000100000000
00000000000000100000000000110000101010011100000001000011111000100000100000100001110100010110010110010001000001110000010111100010
00000100001001001010100011110000101011100001001011101001001110110000001001110110011000011000110101001101000011000010010001011000
10001100001111000010010010101001011000001101000010100111100001011000110000100001011011000011100110000100101001110000010010011010
10100100001100111010011010010110000011000001101001111000110000001001100100000010011101011110100000111000001010011110000100011000
00110100011001001010010001100000010010101000010100001010011001001010000000000000000000000000000000000100110000001010100110000011
01000110001100100101100000010011000101001110010000100001000100011110000001110100000101001010011001110000010010000111110000001010
10000010011110100101111000000001000111101000100011100001001001100100100100000100110111000000100000111000000101001101001001000011
00010010110110010000011100000010110001000111001110001000001000101001110110011100011000101000000101011100110000100111100110010000
00100111100111100111000111000100001110000001110001001010011101000111001011000101001110001110000100111000010011100001000011100001
00110110000001101011000000000000000000000100001000000000000000000010010000011100000010100111010001011010000011000001000011100100
10010001001001001101000001100001001000101001111000000010001100110101010110000010011010000100100000100001011000001101100100010111
00010001000001000011001000101001101110111000000110000110010010010110010101110001001100011001001010001100110100100100001110010001
10000101001011010010110010010100100101011010100011100010001101101100101001001110000010000011001010010000011011010010100001101111
10001000100001100001010000100100001110100001110001100000001001111000100100011000001000000000000000000000000000010001100000000100
01000010011000100100100000100101001100010010100110110001001010110010010100100000111000001001100100010011001001001000111100001100
11010011011001101101100000010000001010010100100010001001000011001101101000001100010000110010001001100001100000100011100011011000
10100100001101110100100011000010101011001101100000100101001000111101000010100101011100000101000011001011001011000011110001001001
00001111000010011001100101001100100011101010101101111101001000100100010001110001000110000101001100010100100111100110010001001101
00100111100000101001101100110000000110010001010011110010101000001000001001111000000100011010010110011111011000001110101000000100
00101001110000010010000000100100000000000010010000001001110000001000000000101110100000001000101000101001111000111101000010100000
11110010000110100010011000110101100010100100110010011101011110010000110000101011110010011110000110010100011011000000001001000000
10111101001110010001011010000110110100010110000010101001010111001101001011110100000110001001010011100111000010010001011100010100
11000010111000011100101100111000100110111001000110010000110010010001001001111001011001000011010010101000011000100100001111010000
01100001011100101100010100000010001011010010101001001000101001001001111000101011100011000001100101111011000001111001101001101100
10011010010111000010111110000110010000111000010101000010110101010001010010000000000000100101000000000000000001000100000100101000
10010010010010000011001001001001101000111001011000011100110000110100001010010110011010001110000010001111000011011100110000101100
11000100010011000011001000111110001000100010100100100011111000010011101000001001100100011000010111110011100111101100001001000010
00000010001011100110001001101001101001010101111010000011100011001001111000101100100101110100000110010011010010100011100000011000
01100011110010001001110000001100001100110011100100010001100101001001001101000110100010001001110101001000010011010000010110010001
11101000011001000111001001010101110001000111011100010001110000111000010101100001010110100001010011111000010100001000111001101001
10010101010010001000110000000000001000010000000000000010011100111000001000100011100001111010000010001110010010011010011110001110
00101000101000001001001001111000001011010010011010010000110011010011001000101001111111001000100101100111101101110110101001001000
11001100000010000011001110001000100001000010100001110110000010011100101011100111100011100000011000010110100011011001001101000100
01010111000001000111000000100110100010110001010011000110001110000001111000001110010111000100101100110001110001010010000010010000
11000011010001000111111100000110011000011111000000110100101010011011100100010111010100001001011110101000110100100100011001100001
00110110110000010010111010001101011001100001010001000110010000110010100100011010011110010011001000010011000100101000101001100000
01001100000100110100101000000000000000100011000000110000101011001000101011000111000100011100010000011000010100110100000110010110
01001001001001011100001010100100100110100001001011011000001010011000010111000000110011100000100001010001101001010010001011110000
00100111100001001000000011010011001110100001110100101010010011110000001001111101010100101001110001001011000011011001101010111011
00100100110001001001001111010111100001010100011100000100110100110010000111110000011001111001100100010100011110001100011001000101
00001010000111010000101110010100001001010110010001010001110000110001101110000010101011110001100010011000100100010001110010011101
00000101010010000110110011011100000010001010011111000101011001111101001011010011101100011000001001110000000000000000000000000000
00000010011001011010000111010000000010000110100100010110010010010010001001101110001001010011001101000001010100101000010100110100
01011100001001001001001111000111001011011011001111001001000001001101001001000111001110001000110000101011110000011010011010001110
01101101010110100100010000010000010010010011110010010010111001001001101001001100111101001010000111011000001100010001111100100011
00001100010000101110000100100100100001100111010010110000101000110100110100100001000101100011000011000100011001000100111100110110
00100010110001000111010000011110001000101001100110011001000011100010001010001111000010101101000001010000010111000001000010000100
10010000000000000000000001001000000000000010001000000001100011001100000100101010011100101011001110100111010011011001011001010100
10011110111000110010000110010110001010101001001111001100100011111100000001010110100000100000100101100110100100001000101001010111
00000111001110100001101001110000011010010011001010010100110101001110001010010011010011010000100011010000011000001000101101000010
00110000101100100100100101100010010000101100011000101001010011101000010001110000100100110010000001011001001011010101011010100111
10011001000101000110100111100101001110000001001000111110000100100101110001000100010001011110000000101111101001100011010001110010
01000011010100010011100000000010000000000000000000000010011100000010000010001110101010010110010010011000100100110010101000000110
01100011100001010010010101000110010011110001110001011000110101101000010110110001001001011000100100100110000011010010001101000100
00011100110001001000001000011001110001100010001010011101110010101100010100101101011010001111000011001000111110000001110010001110
10111000101000001100010110011100000011100011000010001011001001001101000010100110000011000110001110000001010001110000010001101011
10100101101001100011010010011100100101000111001011010101000001011001101001010101001100011110011000011001010011001011010111001100
11000100011100100110010101100010001011000110010010010110011101100010010000100010000000000000000000000000000000100011100000000000
10100101011001010011001111000111001000100110101001100111100011110011001010110011100100011000011001010100010100100010010010011110
00011001011000110111000001101001010000100011111000100001110000010111000000110001010011110010110000111000110011110000010010000001
10100101011110000011000100110011101000100011100110001001011001000100010101101100001100100100011110000011010000111010001010101110
11100010001100000110100100001001110011100001000010000011000010101110000100100100111000010011110010000110010001011100010001000111
10000110010101010010110010111000010101100100010001100100100100001100011110100000110100101001111100100001110100000111000110001011
10010010110010011000001101001101101100000000101010100100000000000000001011110000000000000000001001100000001001000110010011001100
10001001001011100100100010110000100101100000111010000000100100100100011100001000100010010001110011111100100101110000110100100101
01001010110100001110010010010011001100001100100100100011001010011001101011101110001000100010011001010100100011111000000100100100
10001011001000011100010010010001100100111100000010100101110100010100100100110110001010010001110010001001101000001000011001110101
10111010000101000011010111100001010100101001000010100011100001011100000011110000001110100010110001110001101001001100100100010001
11001110110110000010001101000110100111100011100000000001000010000010000001000110010011100000000000000000000000000000000100010000
00100010001101100010101101100000000011000011111000010110010001001110010010100000010010010000010110010010110111100100001011010000
01100001110011000100010011111100000010110001001001000101001001001010100100111000001101000101000001000111110010100110100010011100
00010110100010000010000010000110000001100100010101011110110010010001111001001101001011001000111000000111101010011000100100101110
00101000100000110110000010001010011101000110111000010110001010011010001011001001000110010011011000011000100010011010000101001101
00011100001101011011001010011011001000001001100100000010010000100010011010001001111000000100110100110010010111001000011100010010
10001001001000100101001001010000000000000000000000000000000000000000100001010011111001010011001001001110100010011101010010100111
10000111010101001011101000010010111101000011001010100110010010010001111010001101001001110010001100000100110110100110110000011000
11010010101110001111111100000100001100110101011100111100100110000011010000001001101000001000111100100100100001101111110100001010
01011100110000110010010011001001001011110110001001010001111001000100100110100110101010100010011010100011011101110000010011110001
01101001000100101100101101101010000000100000110100000101110100001100110011000011001101000100110001000110011111110000001000001000
11001110010010010010010101011000010101000011110010010111100000010011011000010101000001000001000111100010011100110010101011001100
00110101000110000000100010000010001000000000001011110000000000010100100000000010000001001110100101011010010101001101001111010100
10000001001010100000100111010010010001011011000001000011001010100010100110011010000101000110110010000111001100001001101110001000
00100011010000110100110001100100111001010101111101000100111011011000001000110100011010010110010010011001010111110000010100001011
10000001110010000100100110100101100101011010101001101000010111100000100100010100010110010010001011010010000011010001001110000100
10001110100110000001100101001110100001010011010000001000111000001001011110100000010101011000101001001101100100101110001000110010
01001011100100101110000011010011110100110010110001100011011000001000011000101110110000110010000110110110010000010001010000100000
00000000000000000000000000000000101101001000111001100100010011000011011001010110010100101000001100010001101110101011100101010001
01100000110010000100110010001010000110010110001100101010110001000110001110011000111010000000100011010011010000100001000100010001
01001101100101001010110001000100100011100001101010100011111010010000100010100100011010001000010000011100010001000111110000100100
00000001010111001011001100100001100000100111011101010011000100010001001100100010010001111000001100001001011100000110100111100111
00001100101001100101100100010001010010010110010110101000110001001110101100010011010010000000000000010001100000000000000000000001
00010001001111001101011110011010000010101011101010011010100101100011000000011010000101100010010110010000110010110100110010001000
11100011100010110011000010010010000110011111001000011110000010000100011010000010010110010000010100101101000100000100000110100101
01001001100100100111000100010010010011011010110001000101000101001101101100110110100001001011100100001100000011001100001000101010
01100100100001100101100101110001010011010001001110001001100101100101110101100000101001111000010001010101000101001100110000101010
11001001011000101010011100111000101100100000101111011010010011000010100001100000010111111011000010100000001000011100001010100111
10001100110010010010011101000100010001010101000101010000001100001010100100000000000000000000000010011110000110011110010110001110
10101001111110000100110010000100100111001011011010110101011111000100110001101110000010100111001100100010100101100111100111100010
01011010100011001000101001010010000010000010001100000101110000010011101101100000100001100000010000011100000011011010100101100111
10010001110000100100011111001000111000100011101000010100001110000011010001111101000001011100100100111100000001110000011010011010
00101000001000010001001001111000110101010111000100010010001001100010000101100100001000111010000010010101000111000111100001010111
00000100110001001110000010011111000010101110000100111101000011001100001000111000111001011101100001001000000110001001000000001001
10000010011100000000000000000000000111010101010011011011010011010001000111010001010001001101100110101111100110010000111001110011
11001100110011010111011101100000101000111111000001100100001101000100001110000111111111111100111110111111111101110111001100110100
00010100001100010010010000010100011101010001110010010110001100111100110001101001001110011111111101010001011101100011001101111100
01111001111111110101100100001101000111011100010011011011111111111011000100001101000100111100110101111111100111101000001111110000
01101111111111111111001110111111101000011001100111110111000100001111001100111111111001001101100100111111111101001111101111111111
10010100000111111110011100100101101010101111100110011010010011100110011111100110011100100101101100101111001101010100110110010010
11000011110000001111010000010011011000110111111000000100001100100100111011001001111111100010011100111111010000101000010000111011
01001110110001101001110011011111110000000000000000000000000000000000000000011010101010111001011010100011000110001010001010001000
11110011010111111100001101100000110011100111110011000101100111011000001110011111110000111111000011100101000100100110011001111111
11110010100011101100111001000111110111110001101010001001000011000001111010001110101000111111000011000110011110011000110000011101
11010100011111100001100011001101000100010110011000011101011001100110000111101111111101110001000101010001111011000100100111101111
10010111111110011111001001000000110000110010100010100011001100001100111111111111110111000011001100001111111011100011011000001100
11001111001100000110010011110101110010010000011011000001000110101111111010000011001100111101010101101101110110011011011001101110
10000011011001101110010110110000011010111010010101101000010010001110100011110011111001000010001110100010100010010011100111111111
11000011000011101101111111100101100100110110100111001100110111000111100111111110100000000000000000000000000000000001101101001110
01111001110010110101000100011101000101000110000111010101111110011001101110000101111111100110011000011101110011001111011101111011
10000110110000011010000101100000110111111000010100011001100001010000110000110011111101110110110000010100011111011111000110110101
01011101100000110001100101100000111001111110000110001100101100001111011101010001111110000110001100111111111001100001100110100010
01110111000110011000011110111111100110000110000110010100011110111011001001111011111010001101111101111100101101000111111110111000
01100101000101000100101001000101011111111100100110111000011000011111110001000100011111010101011110111010100001111111011001100010
00111011001101110110000110011001111010101011100001101110110011011011001101110110000110110100111111111001100001100001001001100100
01111000111111000111010001010001001001110111111001010001010000111011111111111111011100000110011010101011001001110111111010001111
11111110010010010100000000000000000000000000000000000000000111001011001101101001101000100011101000101000101011110101111111101010
10100001111111001111111100001010111110011001111011101110000111000011111110000001011111100111110101111100001110011001111110111011
00110110101010110011101111011111110011001110011001110101010010110001000001100111111111111110011100000101100011001111111110011010
10001110011111111101010001110000010110001100111111111001010111101110111111011100010000110100011111111001001101101111111111101110
11000011010001001111010111000001010000110001111110100010101111011111111111111110011000100011001110111100111111111001001000011100
11001111111011101010111010001111011101011110111111111110110011000100011111001100111000001011010101011111001100110100000111001100
11111100110011100000101101011001111111110001100110011110111000010000111001000111111100000101011110001101111111000101000011010001
00111011001001111111100010010100010100001100110011101000100001101000111100110010101110010000111100000000000000000000000000000000
00000000000010000111110000001000001110001000001100011010001101000011001100001010001001100010111110010010001111110001110010111110
01000100110001001000100011111100000000101111100100100011111100011111011010001000001111001010001101000110110110100010000011110000
10001101000100001011111001000111000010000101100001001100011000100111001001000111111000000001000010010011000101100001001110010000
00010011011011010001000001111000010001001101101101000100000111100001110010001110000001001100011001001110000111001000000010011100
10111110010001110000111001000000000000000000000000000000000000000000000100001001001010000001010100001000101110110000000100100011
00110000110011000001000010100000100100010011000010010110001000001010101001001001100001010100001011100010100100001011110000001011
01000110000011000000011000001111000100000100010010010010000100001001000001001110100100100110001001100000100010100111100101100100
10000010010101000011010010100000110010010010000110010101000100010001010011100000110010001000000000000000000000000000000000000010
00110011100001011100010010100111100101000000100000010011110010000100000111000011010011010010010010010011100100111011001100000001
00000010000010011000010000011010000110000011001000011001101000111000010001001110111010011010011110111010100110011100000100101000
10001101000111000001000111001110110010000110100100010000010010100010011101000000000000100100010011110010000100010111100011010011
11011101011100100001110000101010011110001100100001100001100111110001100000100111000000000000000000000010010100000010011000000000
00010011000100010101110010001100000000010011100100000010011010011110011000010001000101110001000011000110000010001010101110010000
00100100011010000011000111001111011010010001010001010011101110100000000001100001100100100000001001010100101100011100100111101100
01010110000100100100101101001000100001100110000100100001010100010010001000111000101000101001111011010100101100001111000100010011
11101000001100110100011100001100111111000010010011010011010001000000000010001100000000000001100011000000000000000000000100000110
00110011000010010100100000010000011001010010000011010110010010001000111000000101001101000010000001000110001011011011110000010001
01000110000100010001100100001010001011000011000000011001000010000100101000111000000110000110010100000000011100000010101010000011
00001100111100000001001010100000010011010111110011010000011001000010100010000110010000100100100100110011000101011000101001111001
00100000000000000100000000000000000010011000000000000000000000010000110100110001011001000010010000100100110010010101110101000000
00110110000001100110001000111000010001001010001001110000001000001000100000010011000001000011100101010100011100101000100110000010
00001001101000010000010011000001010011000101001000000000010001010011101001000001010011100000111000000100100010011101000010010000
00000010000011001001000110000011010011100100111000001110100000100000101001100101000001001010000000000000000000000000000011001000
10111000000100000111000000100001000010001001111000001100000110100000000100010110010001011100001010000100001100000001111000000000
10000000000010011010011001000001000010111100000010001101000011011100110011000000001100010100000110010011010000110011110000111110
00000011001000100010000000100000100110000001000011000001000110000000001000011000110001100100010001001100100001110010101011100001
00010011001000011000011001110010011101000011110000001101011100011001000010010010010011000000000000000000000000000000000001001111
00001100010000100010100101001000100100111000100000011110001001001110010001001110000010000100010010011101000010001100001100100100
01000110001000111001000001100100010101111010010010000110010101001010000001000000001001111001011101010101100100001001111101000101
10001110011000000101010000001001100000100000000100000001001101000101000111001111101000001100100010000110011110011101100001100100
01110000110011110011110000000100010100010111000010000001000111110001000010001100000100100000000010111100000000000000000101111110
00110010100100100000001101000001000100011000010001001000001100011001011000101000001110010101100000100100000010001100100011001000
01100101010010100000100011001000010010010101101001001000000100011010011100010000001001000010001001000111001100001000101001110000
01110000100100101000000000010010100000100011000110010010101001111010011111000000011001001010010001010000110011111000100010010010
10100001011000010100100110100011000000000000000000000001001000000000001111001000110000011010100101000011001111000110010010001100
00101111100000011100010010110110000001110000011010110010010010011010000100110010000110000010110110011001000111000001110000001100
11000010000001000000100111010001110000001000010010000011100001101100001010100011111000100011000010101110100110100100100101111010
10000110000101001000011101100000010001101100011000110000101000010100101000010101010000000010000000001011000101101010011010000101
00111101100100001000010010100000000100100010000000101001100001011001010100100110100001001001011000110110100001000000000000000000
00100100000011100001000000001000000100010100111000000000000100111010000110010001001011101000010010000001011111000111110000100100
01110111100100010010010110001100110010010001000010000010011011101110110101111110010010010011111011000001010011110001000001110000
01011100000101000110100101110001100110001110001011010110001100000110100110110100001010011011100000011100001011010011011100001101
00010000000010001100000011100001000100100010010111001110011100101010010111001001100100101010001000000001000100010001000100010110
01100011100010100100111010001011011000000001101000010110100001001000110000000000000000000000000100000000000001000010000001001010
01001010110110100001010111100100100111010000011010110000011000100011100001100100111001100000110110100101010011001000110100110110
01100001010110000110110000011000011000010011011011010011100110010110000111100011010001011001000111010000010010011100001001110001
00111010100101100100100100111011010000010111100000011100010000100010100011100011100001111011000100100001100011110010101000000010
00001001100000010100110011101010101001011001001001101000101000101001011010111000101001110100011100010000010010000010010101101001
01000001001011110000001110100010010000111000100010001100101001110011100011000100010000000000000101111000000000010100100000000001
01100000010101000001000101000011000001001111001001000000110010011010011011100010000001001100010001101111000000110001100110110101
00110001100101001010011110011110010110001101000101110001000100101000100001100111010000111110000001001100100110100101011000010111
10100101000111010000011100000010100000101011110000011010011001001001100110010100111000000100001001000010000110001010111001100001
00001100101100111010010011001100001000111100010001100101010010010010110010011000010101000011001110110010010100010011100100111001
11101000011010010101010011000010100111001000110100000101011100110000000000000000000000000000000000110000011000100000001001001001
00010011101010010010010010111111001000011100100101100101101011100101100110010101011000001101000110110100001001001011000010010001
10100000010101100101101100101100011100110101011001000001001101001000001000001000011001101001101000010011001000101001011011100100
01000100001010101110010111000010101100101001100110100101000000000010001011110000001000101001100100001100001010001001000101001011
00111001001011001011100010001010010100000100011010010100001001000010000001001110010110110010000000000010000000001000000000000100
11100000000011010000100110100101001001101100110000001110000010100001110100010001001000001000100000001001001010110100001100111111
00010000100100011001001011110001000110110000011010110000100011010011010010010011000101101100001100101000111000010011010000101001
11101001100010110100001110001010111010001101001000111010011010001010011011001100001001100110001100110011111010100110011001100001
00101001100011000010110110011101000100101010100010100111000110010000111000101001001111001000110101100010010011100001011110010010
10001010010110001110001000010001000100010000100110001001110010010101111000000101001100011101001010010000100000100111000000000000
00000000011001100000100111100001000000000001000011001111001011000110010001000100111010101101001100010010100100011100101001011001
01011100101100010100110010110000100110101110100110100101001001111011010011010000011000101110000001100110100100100011100110100010
10001110011110010010000110000111010001100010011010010110011101000111000010010001111001001101101010001001000001000011110000010010
01000010001100010011111000100100000100100100000110100010001001011000111001101001011000101010101001011101010001100110100001010001
00010111000001000000000010001010111010100100100001101011011101101000110100010111011000001000110000000010000100000000000000010010
00000000000011001000100110100101011100010011110001000010001001000011111000000100011100111001000100010011110110111000101001101000
01001110001000010010101100001010110010000100100000011000001100000100110100000010011010001110000111100011001100010001110011000010
01011001100111000101011001100010100101100101010110010010011100001011110100000110001100001100110010101010100000010011010010110010
11001110100000010000110001111001001001101010010010011001100100100000001100110100100111000110010010010010011100000101100010001100
11110011110111110101010000110000010000100100100000001010101001110100001001100001100000001000111101001010101001110000011010011101
00111100100011011000000000000000000000000000000000000001001010100000010011110101000010001110010010000100110001100000110100001010
00000110100000111000100101010011010101001011000011000110100111100101001110000101100000110110001010010010010101001110100101100110
01011111000111001111001111100100001010010110001101000001000000110101001111100110010110001001011001010100010001110111001110000010
10010101000110001011101001101000111001110100100010010001100010001111000100010010100100011110001000111100010000010010010011110000
01010111001010100101011010001001000010011001010010110001000100001000100100111000111000010001001111000010001000101110110000101010
00110100001000000000000000010111100000000000000000000000011110000001001101000110001000001110000010010000110010100000010011011100
01000100110100010100001001001101100000110100101100100010001010011000100101010001010000011010000101110001001100100100101011010000
10010010010010011001000100111010000111000100101101100110100000100101001101000010100111001101010101111100000110000010001110001100
10010101010111110001000010010011110000101011001000000010110100100010110001100010000101001110100000100110010001010111010101001100
01101010010110111111100110011000011101100000110010101010010100100010010111110010001001100100011010000110001010011001000110111010
00000100011100001000010001110110011100001001000110000010001100000000000000000000000000100000001000111001111001100010011010000110
01100010010010000110010000010001010001011010001001001001000110010000010101011000010101001000001100001010110110100010010111000100
01010011001110001000100111001000000110001001010011001000101001001000111100100001100111011000100010011000011011000001010010110010
01001000011001111110000101100000010001111000100101001111000010100010111100000001110000100000100101100100100000100111111010000000
10010110000011100001101100010010100000110011010010001001001001001100100010110010010011010000101011101010111000001100100010000010
01000100011010011001000101010011000110110100010010011110001010011010000010110100001101000101100101000000000000000000000000000000
00000000100001100001010010100100011011000100011001110010000010001000100011100101100011100001110100000110011110011100100001100110
11100000110100100100111100110011100000011001100100011100000010001010000101100101100110100010110011011000100101001110100010110010
00011100100100101100010010010000110000110011011100010000100110100011110001010010110010001010011011010100101001011000101011000100
11010011011100101001100010110100000110000011110011010010011101100001000111000111001001000001010111000101100100100100011100100100
11110101110010110000110110010011100100011100001100011100000010010010001101000000000100100011001000101001110010010001001010110010
00101001001101101000100110100111000010011111011100001111000000000001001100000001011110000000000100110000000100000100101010000011
10010010101001000100110000001000001001011001110010011111010010011101100010100111100110001000000110100010110101001010111101000001
10000011000001110100101000100110110100000110010101100000110100101010001110010101000000110011000010000011010000010110000101010000
01010111001011110101000101101100000100001000100110101101110110101010011001000111101010101110001010111100010011110001000000010011
10100110100011100011111000000100100100100000100101110010100110011011000010100110000110011101000001100001010100001100111010000000
00110100000101110100100100010011100001011000011000100100010010100101000110110010011000100011001011000100110000000000000000000000
00000000001000100000001001000100011000100011000110001100010011001001111000110100011001000101000110100100001101100010110000110000
01100011000011101000000010011110010000001001111001111011000100110001001111101100001100111101010011010001011111000000100110010001
11000001001101101000100100011111000010010100110000111010101001100110000010001001000000001000110011010001001000010000111010010010
01110100010100110100110100001001001111010111001010101110001000111001001000101100100100100010110000110001010100100110011000011000
00111100001010011001001101110100000001101100000100111100110000100110000000000000000000000000000110101100000100000000000010011110
01100101110000010011101000110010011001000100100110100011100110100100100000010000010010011010100011000010010001011010001001110000
00100101011100000100101010010001000111100110010100101100110100111110110010110001110100111000110101101000100110011001011000101001
00011011100010000110101000101011001001011001100110011001001100010101111000001001100011000010001010100111010001001000011000101111
00100011001000011001000010000001000101101000010010011001110110000011000100010100110100011100000010001010001110001110010010011001
00000001001101001111000101000001000110100110010001010100110001100110001001001001111000110100101010000010011010101011000100101100
01100000000000100001100111000000000000000000000001100000110101100000000100001100001100000010000001001011100110000100001011000001
10100000100101100001100100011001001001100010010001010101001110101101100101010111001000110111011000001001001100100100100011101100
11000100101000000110010001010000100100111010000111000101100111000100001001101000101000100100101100111110011000001000101100010001
10011111100000011001101110000100111000001010101110011110000010010001001110111001001010001110000010001100001010110110100010101001
10100111100100100100100110110010101001000011001000010000001000111000011100001101100100010010110011110010110001010010000011001100
10011010000101011001110100000010010010010010010101001100000000000000000000000000000000011011111111111111110011001111111111001100
10011001100101010000011110000110001110111111100110110110100111100101100110101010111101111111001101100110011101111011001110011100
00011001100010001111110111101010001101110000001010000110001000110100001000001001110111100111111110111010111111110110011110000111
00010111100111010000010100001110011001101000100110100000111110010001000001001110101000111111110001100110011100111010100011111000
10010100011111110011000001010001111111100101110110001100111100110001011001100111111111111110010111011000110011101100111101100101
00001011101101010110110110101010110011100110101101011001101110111010101011010101101010011010000010110110100010110011001111111111
11110011100100101100111111111111110011010010011100111111111111110011100100101100111111110011001110100110100010100001010000010100
01111110101011110011101101100110000000000000000000000000000000011011111111000001100110000110011111111101010100011001010101001001
00110001100111100000100101011100101101101101001011101010101000101000101100111001010010011001110010100010100000111111101110010011
01111111100100100011011111111101001001100010001111111000010001100100100101111111101110110001110100000110001011110100010001101111
11110110010110000011110111111000110111110010010010000110000110011101111111100001100100100001100001100111011111111111000101001001
11011111111011000001000001010000101110110001100111100110001011000010111011000110011101100111100000101000101000101110110110011011
01100110101100111010101011010101011011101100110011111001011010001110100000101011101000101101111100000010111111101000001111000000
10111110110111110000001011111110100000111100000011010101011100000110110011001111110011001001001011101100010001100011111100111111
11110111100100110000011011011101101000110000000000000000000000000000001000101001111000001001011100001111110110011010001101100001
11110010111111011100100010111100001100010110111000011001101010101110010101011001100001101010101110010010011000011001000111110100
11010010111011111111111100000110000110011001000111111111011011001100110001111111110011110011001111111101000001111111101000100100
11000100011010000101111111111110111001100001111011111111101111110001101101010101001111000000100010111011111111101011110001000101
11011111111111101010011111100001011000010011111000110010100000001001111100011001111111110010110010100011010101011001111101100110
11011001101000001110101010110101010110011111011010011010001100001100110010001101001001100010001101111110000110111110000001011111
11011000011110000001011111100001101111100000010111111101100001111000000111111110011000011101101111111111101110110010111110111001
00101011111011111001010110011001111110011110000000000000000000000000000000000001101111111111111111001010001110011001100110011100
00111011111011100011001111000001111110101100110110101001111111010101000011110101010111011110110011011111101111110101010010100011
11101110100110110011001111111111010101000111100000000101000010100010100001000001001110100000101000010000010011110000111011101111
11111111001011111010001000011010001010001001101100110011101000010000011110000000101000111010111101000001001110101000111111010101
00000111001100110000011001111111111111100100111110001100111111111001000001100111111111111110010011111000110011111111100110101000
10110101100110011111010101101101101010100000111001101011010110011001111101101010101000101011110010001101000011100010001111111110
01101000001110011111111111111001110000010110011111111111111001101000001110011111111111111001110000010110011111111111111000101000
11110111110111111110100101000001010001010000000000000000000000000000000000000010000100100110000001001100010000100000100001001001
10001000010010011000100001001001110000010011100100000001001110010000000100111001000000010011000110001000100100111001011111001000
10011100101111100100010011100100000001001111101101000100000111100000100100111110110100010000011110000010010011111011010001000001
11100000100100111110110100010000011110110100000100000111100001000100110110110100010000011110000100010011011011010001000001111000
01001000111111000000001000010010011100000000000000000000000000000000000000000010001000001000101110001000000000000000100001010001
10010011110000100000000000010000001001010001010100000100001110011000000000000011010110000010011100001001110100100000100000000000
00010011110000110000000000000000010011110010000001000000000000011000101001000100000000000100011000000000100001000000000000000000
00000001001110000110010001010011100000001100110000000010001110011000100001000000001001011001010000100110000010001100100000010011
11001000100101000000010000110000000000010011000011110000100101110000000000100001010000110000001000011110000010000000000000000000
00001000101110000010111000010110011000100001111100101010011100010000111110000101001110000000000000000000000000000000000010010000
00100111000000001011010010001010011100100010011100000100000000000000000001001110001101000100110000110010011101001000001000101001
11010000001001111000010000110000110000100101100010100011100111110001001010011000000001000100111000001001000010001110001000000000
10000100000010000100000001000101001011001111001010010000110100110011100010000110011010011100000000000000000000000000000000000100
01011100100010100110001000101110011001000000000000000000000000001000111000110001000101000111000110000001000001000001000000000000
00001000110000010000110010000000100110100100000000000000000100001000000001001010000000000000110100010110000000001101000001000001
10100100100000000000000000000000000000000000000000010001011100010000000000111100000000001000000001000010001000110000010101000000
10010100000000100111100001001001010100110010000000000100101100100001110001000011010000011100100010000000000010000100010011101100
00011000110001100000010000010010000000000000000000010000101000010000000100101001000110000000000000000000000000000000000000001100
10001010011100100111000001001100001001100000111000010110111010011000000000010000100110011000000010010110000000110100011000000110
10000100100111100011010000001001110100101001101000010001001000000010011000000000100001001111000000011010000010100111100111100001
00000000000100010100111000000010001110011110111000100001111100101010011101001000100001111100001010011100000000000000000000000000
00000000000001001110000001000110000110000110000000100010000000000000000000010111101000100111000001000010000001001111101001010000
10010100100101100110100010010011110001110000000000000000001000100100111000010001010001110001101001010000000000010011100000010001
11001011000010001000011010011001110001000011001101001110000000000000000000000000000000000000000000010001011100110010010001000010
00110010001100100001110011100000011010000011000010000000000010000101000110000100110100001000000100011010001001000111001100100000
10110011000001101001001000111001000001000100000001000110000100000000001000001000110100101110110000110000100000000000001000100000
00010011011010000010000011010000010101111000110100100100000000000000000000000000000000000000010001100001010101000110000001000011
00000100100100110100001100001111010000010000010001110001110011000000000000000000100110001001011111000000100110001000011110000010
10000110011010101001000100100001010010100100010001000010100010010000110000010000101001010000001000010001000011001011001111100001
01010000101000010110000101010010011100000100000000010010100000000010000110000110000100100001100110000000000000000000000000000000
00000010000000000000000000000001001001000101111000010010000000011010000011101100000100100001010010100010000000000001011101000000
10000111100001100100100010010101000101010111000111000110110100000111010000101011101100100100110000101001000101100010010111100100
11001111000000111000000110110100100110001001100000001101110010100011010010010000100010000000010000101000010000100010000000000000
10000001000000001001000000000000000000000000000000000000000000000000010010100000100101000000110010000111000101000111001100000001
01100000010101000000001011010000000010000011000001101001001000100100100010000010010100010001110001110011010011110010001000001100
10101010010010101100100100011011100101110100010000100011010000000010000110000010011101101001001001000110011100110010110011100010
01010000000000000000000001001100000000010001010011101000101001110000000000000000000000000000000000000000000000000001100010010000
01000111100100100011010000110010101000010011100000000000100011010000110010010000010111010011101011111001001011011110100000100101
00100000101101011101000001000011110110101010000110010001000011001011100010010100010010001101000110010000100001001000010000010010
00100000100000010000001000011001111011000000001001110100100000000000010000010001100100000000000000000000000000000000000000000000
00000000000100000100001100111010000110101011011000011000101000001000010010101110001111001000100101001100111000011100000100010000
00001001011000100000011000010101001111001001110000010100101000100010100000000010001110000101001000100001111000011010000001001100
10110111010000011001001001111001010100000010000110011000010001100100100011001001011010100010001100110010010011010000011000110000
00000000000000000000010000100000000000000000000000000000000000000000000000000000100111100101010001010100110011101001011001011100
10010010000110000110011000111000001011010000101001000000001001000100001100111001000110011100101100111000110010001110011001111000
00101110000100101010010001011101100010111001100000110011000010011010100110100110010000101001110000011011000011000100001010000010
01001001010010000110011000010010000001001011101000100000100110000000000001000100000000000010001000000001000100000000000000000000
00000000000000000000000000000001000010010000001100010001111000110000011000010101111010001010111001000100110001100101010010000101
10101110000010101011000100101100101100110100010110011100010011010010100100010100101011101100001011100100011100010100110000110010
00011000011110000101101001010000000100110100100100010110100001001000001011100100111100000000010011000010000001000110100011110001
00010000000000001000000000000000010001101000010000101001100001101001000101001000000000000000000000000000000000000001000100001000
00011001000100100100010010110011110010000100100100001000100001100110010011101000100000100100100001100111000011000011001000011000
01010011110010111001011001101000010110010110110010100100010100111111000010101001101010110100011101001100101001000101000111100100
01010001110011101000110110010010000100101011000110000010011001100001100111100010001000010110001000111101010001101000010100100000
00000000000000000001000011001101001111001110000000000000000000000000000000000000000000000010011001000011110000100010011110101000
10110011100000011001100111010000010010111000100101100001100010000100100111001000111000111000011001011001110100101100000100101010
00111001110001000100100001010010010111110110011001100101001101000010100010100100011100010010100101100001111000011010000011100010
00100110010000010001111000100100101011010000001100010001000010010000100110010000010001010000101001101010100100110100001100110001
00101000001001010001001100000100001001000110011001100010111000000101000100100111000100010010011100000000000000000000000000000000
00110001001010010001001100100011100111100101010010000100110001000111000001001101001010100010100000100100110100110010011011001000
01010000100001000011001110100100101010100001101111100111100000011001000101001000100100000001110000100100001100101100001110100001
00100101100111100101000100000100101100101000100000010001010001100101001000100101010011001000101001000010001100001000100010001000
00000000000001000000100111001001001001100110000110000010011001000110000000000000000000000000000000000000000001000110110100001000
01100100110100101100100110001000100110001010001010111001001000000011110000101100010001101001010000010001010010101001000110001000
11100010101110010000101100110000010001111000100101110000101101001110001001011000100011110001001110000011001001000010000010010011
00010010100001010001010100110000011010100101000100100000100100010011010011101001001000011000001001010100110001000100000010001100
00100110110100011010010100000000000001001000000001000101101110000100001011000001101001111100010100100010111000100001001100001000
11010011010100100000000000000000000000000000000000000100100010010110000100010001000100110100100011001000011100010010100111101011
01000000100111100001001000001100001010001001001000010010000110011110010011001001001010011001001000000100100110010010010011010011
00010101011101011001011001010111001110100110101101110010010010010010011111110110001001001100100100110001001000110100100100010010
10100111100100100111000100011100111100010100100100100011100000101000101001000110001100110001100100100100111001001110100011000000
00010011101001110110110000010011100100110100100010010110011100100100010010100000000000000000000000000000000000000000100101100010
01001111010101001010110001100110000100100101010110011001000101001101001100100000100011001100010010110010000101001000111000100001
01010100010101100111000001010011010010101000101100011001100111000100010100100001010100100011110100010010000101010101001011000001
10010100111000100101000010100011100001100001100001100001000110100010000010010100100010000100001111000010010000101001001001010101
10110011011010000100010001000000100101000000000000001001110001000100100111010001001000100100111000000000000000000000000000000000
01000110100101010011000010011100110100110010011110000100100100100011110001010000011011000000010000100100010100001001001110001100
01010000010010010001010111011000010111001001000001011001100110010110100110010000110010001000001000110100011101001000111010000010
01011001011001101010011000100000000000010000111101001001000111001000100110001000011001100100110100110100100001000000010001000000
00000000111010000001001100110000110000010011001000110001001100000000000000000000000000000000000001001101000000010001100010000001
10100011011001000010100001100101011001001000001110010100000100011000100000100101100010010000111010000011001011000111000001001000
10000010001010011110010110011010010010001011100100101000001001111101000010000100100101101011000101111000010001001001000011000000
10000110011000010011001000000001000001000010100111010001110001100100101100100100110101100000000010000000000000000000100110100011
01001101000011000100100011010011001000101000101110001000010001010011100000000000000000000000000000000000000010010010010001001010
10010000010010100010000110011001110001000100001100010100010010011010011010101100100100100000001000110001000001001100100001100000
10011000010001011100001001001011011101010011111000000011100000100110100001001010101101000110111100101011011000001110000010011000
10101110001011011011001001001001001111100010010010001001000011000010101111010100111101000001101000010010010110010010010000011000
10101100100010000000000000100011000001010100000110001001010001100100101100111110010001001001000100101000100100010010100000000000
00000000000000000000000001010001011001100111111111111110011100100101100111111101111101001101000111111101101000001000100101000101
00001011101111110110001111110111011111100111010001011001110010101111010100110111011001111111111111100101100111001010111111111001
01110110011111111001100111000111010001111000000010100010100001010001001110100000101000100110101000111111000001100001111101110011
10101011101000100001101000111111011101010001110101100010000010111000111011100001110011111001000000001111110000011011111110100001
11100110010010100001000011110111111100010000000000000000000001010001001001010001111111100110100100111001111111111111100111001001
01100111111111111110011010010011100111111111111110011100100101100111111010100100000000000000000000000000000000000101000101101001
11010000001010000111111111010100010010000100011111110011111110111111001001110011111111100010010001101010000111100111110100010110
01110010101111010100110111011110000001011111011001110010101101111101110111100000011010101011000111100110011111100000010010011101
11111111111110111000011001111110111010010001111111011100010111111011111110011001001001110011001101110100011101000111111110110010
11111011111101000100011111011111111101011001001000101110100011011101110000110000011000000001100001100100111001101100110001100111
11111110011001101100000100110010001100000000000000000001110101010010100010111110110111110000001011111110100000111100000010111110
11011111000000101111111010000011110000001010000000000000000000000000000000000000001100001101001110110000011111111001000110111000
10000010011101010000011100110011111101110000110011000011000011001011111000001111000000111010100110011111010110011110011010100000
11110000001110101001100111110101100111111111000110111111100111011111101000101111110111111010000000111111101111000011001111110111
11101010100110001011111110000000101000111111110111001100001111011111010001011010001111110001000000001111011101100100110011000000
10000100010100010001011110000000100100101000001100110011111111101011011100001001101011000000000000000000000001101110000111100000
01011111100001101111100000010111111101100001111000000101111110000110111110000001011111110110000111100000011111111001000110000000
00000000000000000000000001111111100110100000111001111111111111100111000001011001111111111111100011010101011110001000011000011001
00111011001111111100001111011000110011111101110001111111010011000011011111111100100000110011111111101010011001111101011001111001
10101000001100111111111010100110011111010110011111111100010100010011101010001001110101000111010000001100001111101000100110101000
11110011000110001011111110000000111111101110100010000110100010011101101000111111101110101100001111100111001111011101100001110011
11110000001111111011011001111110100001000101000111111101010000111101111111011000000000000000000000010001010000111001111111111111
10011010000011100111111111111110011100000101100111111111111110011010000011100111111111111110011100000101100111111111111110000000
00000000000000000000000000000000010000011110000100010011011011010001000001111000001001001110010000000100111000001001100100000111
10000010010011111011010001000001111000001001001111101101000100000111100000100100111001000010010011100100001001001110010000000100
11000100001001001110000010011100100000000001000010000010000000100110000000000000000000000001001101101101000100000111100001000100
11011011010001000001111000010001001101101101000100000111100000000000000000000000000000000000000000000100000000000000000000000000
00000000000000001000110000010000010010000000000000000000000000000001001000000000000000000000000000000000000000000000000000000000
00000000000000000000000000000000000000000000000000010011100000100101100111000001001100000100101000001001011000110000000000000000
01001010000000000000000000000100111100101000000000000000000000000000000000000000000000000000000000100110000000000000000000000000
00100010000000000000100001000000100001000000000000000000000001000011001010000000000010010000000000000100011000001001010001000010
00000000000000000000000000000000000000000000000001001110000000000000000000000000000000000000000000000000010001100000010001100001
00011000000100101000000000000000000000000000001001010000100101100100000001000110000000000000000000000000000000000000000000000000
00000000000000000000000000000000000000000000000000000000100100000010001100000000000000001000010000000100100000010000110010000000
00000000000000000000000010011100010000000000000000000000000000000000000000000000000100001000000000000000000000000000000010000000
00000000001001010000100101100110000010010100000010010100001000100000000000001001100000000000000000000000000000000000000000000000
00000000000000000000000000000000000000000000000000000000000000000001000010000000000000000000000000000000000001001110000010010100
00100000100100000000000000000000000000000010000100001000010000000000000000000000000000000000000000000000000100001000000000000000
00000000000000000000000000000101010000001000110000100011000000100011000100000000000000000010010100000000000000000000000000000000
00000000000000000000000000000000000000000000000100100000000000000000000000001001000000010001100000000000000000000000010001100000
10011100000000000100011000010000100000000000000000000000000000000000000000000000000000000000000000000000000000000010010000001001
10000000100011000000000001000110000100110001001100011100000010000000000001001110000000000010011000000001001000000000001001010000
00000000000000000000000000000000000000000000000000010011000100010000000000000000000000000000000100111100111000001001010000000000
01001010000100111001001000001001010000000000000000000000000000101101001001010010001000000000000000000000000000000000000000000000
00000000000000000000000000000000000000000000000000000001100001010000000000000000000000001000110000010001010010000000000001000100
00000000000000001000100000010000000000000000010011100000000000000000000000000000000000000000000000001001000010000000000000000000
00000000000000000000000000000000000000000000000000000000000000010000100000010011100000000000000000000000000000000000000000000000
00100011000000000000001000100000000000000000000000000000000000000000000000000000000000000000000000000000000000000000000000000000
00000000000000000000000000000000000000000000000000000000010000110011100001000000000000000000000000000000000000000110011000000000
00000000000000000000000000000000000001001110000010010100001000000000010000100000000000000000000100110000000000001001000000000000
00000001001010000000000000000000000000000000000000000000000100000000000000000000000000000000000000000000000000000001000010000001
00100000000000000000000000000000000010010000000000000100101000000000000000000000000000000000000000000000000000000000000000000000
00000000000000000000000000000000100110000000000000000000000000000000000010000100000000000000000000100101000000000000000000000000
00000000000000010010000000000000001000100000000000000000000000000000101111000000000000000100011000000010001100000000000000000000
00100101000011001100000000000000000000000000000101101000000001100000110111100000000000000000000000000000000000000001000011001110
00000000000000000000000000000000000000000000000000000000000010010100000000000000000000101101100000000010110100000000000100000000
00000000100010000000000001000000000000010010000000000000000000000000000010010100000000000000000000000000000000000000000000000011
00110000000001001010000000000011001110000000000000000000000000000000000000000000000000100000000000001000110001000110000000100101
00000000000000000000000000000000000000000010011100000000000000000000000000000100111000000000000000001010010000000000000000000000
00000000000001100100010000001000010000000000000010010000100011001000000000000000000000000000000000000010001100000000000000000000
00000000000000000000000100110000000000000000000000001001010000010011000100110001000100000000000010010100000000000100110000000001
00110000001001100000010010100100111000001101100000000000000000000001010110000000000010011100000000000000000000000000000000000000
00000001001110000000000001010100000000000100110000001001000010010000100000000000000000000000000001110100001000001000000000000010
01000000010001100100011001000010010111000000000000100000000001001110000000000010001100000000000000000000000000000100110000000000
00000001100011000000001110011000000000000000000000000000000000000000000001001100000000000000000000010010000000000000100101001001
10000000000000000001000010000010010000000000000100110000000000000000000000000000001001000000000000000000000000000000000000000000
00000000000000000000000000000000000000000000000000000000000000000000000000000000000000000000000000000000000000000000000000000000
00000000000000000000000000000000000000000000000000000000000000000000000000000000000000000000000000000000000000000000000000000000
00000000000000000000000000000000000000000000000000000000000000000010000100010000101000010000010000100000000000000010000101000010
00100001010000100000000000100001000100001010000100010000101000010000000000010000100010000101000010000010000100000000000000010000
10100001000000000000000000000000000000000000000000000000000000000001100110000001000011000010110011000000000110011000000000000000
00010000110000101100110000001000011000010110011000000000000000110011000000100001100001011001100000010000110000101100110000000000
00000110011000000100001100001011001100000000011001100000000000000000010000110000101100110000000000000000000000000000000000000000
00000000000000000000000000000000000000000000000000000000000000000000000000000000000000000000000000000000000000000000000000000000
00000000000000000000000000000000000010010110000100000000000000001001011000010000100101000000000000000000100001000000000010010110
00010000000000000000000000100101100001000010010110000100000000000000001001011000010000000000100101100001000000000000000000000000
00000000000000000000000000000000000000000000000000000000000000000000000000000000000000000000000000000000000000000000000000000000
00000000000000000000000000000000000000000000000000000000000000000000000000000000000000000000000000000000000000000000000000000000
00000000000000000000000000000000000000000000000000000000000000000000000000000000000000000000000000000000000000000000000000000000
00000000000000000000000000000000000000000000000000000000000000000000000000000000000000000000000000000000000000000001001110000000
00000000001001110000000000000000000000010011100000000000100111000000000000000000000001001110000010011100000000000000000100111000
00000000100111000000000000000000000000000000000000000000000100111000000000000000001001110000010011100000000000000011000010100100
01111100010001001110000000001001110000000000000000000000010011100000100111000000000000000001001110000000000010011100000000000000
00000000000000000000000000000000000000000000000000000000000000000000000000001000000000001001110000100000000000000000000000000001
00000000010000110001101001111001110000000100001100011010011110011100000000000000000000000000000000000000000000000000000000000000
00000000000000000000000000000000000000010011100001000000000100001100011010011110011100100000000000000000000000000001000000000100
00110001101001111001110000000000000000000000000000000000000000000000000000000000000000000000000000000000000000000000000000000000
00000000000000000000000000000000000000000000000000000000000000000000000000000000000000000000000000000000000000000000000000000000
00000000000000000000000000000000000000000000000000000000000000000000000000000000000000000000000000000000000000000000000000000000
00000000000000000000000000000000000000000000000000000000000000000000000001000110100111100011000000010011100100111100011000000000
00000000000001001111000110000000000000000000000000000000000000000000000000000000000000000000000000000000000000000000000000000000
00000000000000000000000000000000000000000000000000000000000000000000000000000000000000001001010000000000000001110001010000000000
00000000000000000000000001011111110101000101111111001111110011100000000000001011111110101000101111111001111110011100000000000001
01111111010100010111111100111111001110000000000000101111111010100010111111100111111001110000000000000000000101111111010100010111
11110011111100111000000000000010111111101010001011111110011111100111000000000000010111111101010001011111110011111100111000000000
00001011111110101000101111111001111110011100000000000000000000000010101111000001111001111000111101000110000000000000010100111000
00111100111100011110100011000000000000001001101100000111100111100011110100011000000000000001100111000110000011110011110001111010
00110000000000000000000011001100001100000111100111100011110100011000000000000001010101100000111100111100011110100011000000000000
00100101110000011110011110001111010001100000000000000110001100011000001111001111000111101000110000000000000000000000001001100001
11111111111111111111111111111111111111111111111111111111111111111100001010000000000000000000000000000000000000000000000000000000
00101010101001110010001000000000000000000000000001000000000000000000000000000000111111111111111101011110000000000000000000000000
11111111111111111111111111111111111111111111111111111111111111111111111111111111111111111111111111111111111111111111111111111111
*
NOTE END CONFIG DATA*
L234752
00000000000000000000000000000000000000000000000000000000000000000000000000000000000000000000000000000000000000000000000000000000
00000000000000000000000000000000000000000000000000000000000000000000000000000000000000000000000000000000000000000000000000000000
00000000000000000000000000000000000000000000000000000000000000000000000000000000000000000000000000000000000000000000000000000000
00000000000000000000000000000000000000000000000000000000000000000000000000000000000000000000000000000000000000000000000000000000
00000000000000000000000000000000000000000000000000000000000000000000000000000000000000000000000000000000000000000000000000000000
00000000000000000000000000000000000000000000000000000000000000000000000000000000000000000000000000000000000000000000000000000000
00000000000000000000000000000000000000000000000000000000000000000000000000000000000000000000000000000000000000000000000000000000
00000000000000000000000000000000000000000000000000000000000000000000000000000000000000000000000000000000000000000000000000000000
00000000000000000000000000000000000000000000000000000000000000000000000000000000000000000000000000000000000000000000000000000000
00000000000000000000000000000000000000000000000000000000000000000000000000000000000000000000000000000000000000000000000000000000
00000000000000000000000000000000000000000000000000000000000000000000000000000000000000000000000000000000000000000000000000000000
00000000000000000000000000000000000000000000000000000000000000000000000000000000000000000000000000000000000000000000000000000000
00000000000000000000000000000000000000000000000000000000000000000000000000000000000000000000000000000000000000000000000000000000
00000000000000000000000000000000000000000000000000000000000000000000000000000000000000000000000000000000000000000000000000000000
00000000000000000000000000000000000000000000000000000000000000000000000000000000000000000000000000000000000000000000000000000000
00000000000000000000000000000000000000000000000000000000000000000000000000000000000000000000000000000000000000000000000000000000
00000000000000000000000000000000000000000000000000000000000000000000000000000000000000000000000000000000000000000000000000000000
00000000000000000000000000000000000000000000000000000000000000000000000000000000000000000000000000000000000000000000000000000000
00000000000000000000000000000000000000000000000000000000000000000000000000000000000000000000000000000000000000000000000000000000
00000000000000000000000000000000000000000000000000000000000000000000000000000000000000000000000000000000000000000000000000000000
00000000000000000000000000000000000000000000000000000000000000000000000000000000000000000000000000000000000000000000000000000000
00000000000000000000000000000000000000000000000000000000000000000000000000000000000000000000000000000000000000000000000000000000
00000000000000000000000000000000000000000000000000000000000000000000000000000000000000000000000000000000000000000000000000000000
00000000000000000000000000000000000000000000000000000000000000000000000000000000000000000000000000000000000000000000000000000000
00000000000000000000000000000000000000000000000000000000000000000000000000000000000000000000000000000000000000000000000000000000
00000000000000000000000000000000000000000000000000000000000000000000000000000000000000000000000000000000000000000000000000000000
00000000000000000000000000000000000000000000000000000000000000000000000000000000000000000000000000000000000000000000000000000000
00000000000000000000000000000000000000000000000000000000000000000000000000000000000000000000000000000000000000000000000000000000
00000000000000000000000000000000000000000000000000000000000000000000000000000000000000000000000000000000000000000000000000000000
00000000000000000000000000000000000000000000000000000000000000000000000000000000000000000000000000000000000000000000000000000000
00000000000000000000000000000000000000000000000000000000000000000000000000000000000000000000000000000000000000000000000000000000
00000000000000000000000000000000000000000000000000000000000000000000000000000000000000000000000000000000000000000000000000000000
00000000000000000000000000000000000000000000000000000000000000000000000000000000000000000000000000000000000000000000000000000000
00000000000000000000000000000000000000000000000000000000000000000000000000000000000000000000000000000000000000000000000000000000
00000000000000000000000000000000000000000000000000000000000000000000000000000000000000000000000000000000000000000000000000000000
00000000000000000000000000000000000000000000000000000000000000000000000000000000000000000000000000000000000000000000000000000000
00000000000000000000000000000000000000000000000000000000000000000000000000000000000000000000000000000000000000000000000000000000
00000000000000000000000000000000000000000000000000000000000000000000000000000000000000000000000000000000000000000000000000000000
00000000000000000000000000000000000000000000000000000000000000000000000000000000000000000000000000000000000000000000000000000000
00000000000000000000000000000000000000000000000000000000000000000000000000000000000000000000000000000000000000000000000000000000
00000000000000000000000000000000000000000000000000000000000000000000000000000000000000000000000000000000000000000000000000000000
00000000000000000000000000000000000000000000000000000000000000000000000000000000000000000000000000000000000000000000000000000000
00000000000000000000000000000000000000000000000000000000000000000000000000000000000000000000000000000000000000000000000000000000
00000000000000000000000000000000000000000000000000000000000000000000000000000000000000000000000000000000000000000000000000000000
00000000000000000000000000000000000000000000000000000000000000000000000000000000000000000000000000000000000000000000000000000000
00000000000000000000000000000000000000000000000000000000000000000000000000000000000000000000000000000000000000000000000000000000
00000000000000000000000000000000000000000000000000000000000000000000000000000000000000000000000000000000000000000000000000000000
00000000000000000000000000000000000000000000000000000000000000000000000000000000000000000000000000000000000000000000000000000000
00000000000000000000000000000000000000000000000000000000000000000000000000000000000000000000000000000000000000000000000000000000
00000000000000000000000000000000000000000000000000000000000000000000000000000000000000000000000000000000000000000000000000000000
00000000000000000000000000000000000000000000000000000000000000000000000000000000000000000000000000000000000000000000000000000000
00000000000000000000000000000000000000000000000000000000000000000000000000000000000000000000000000000000000000000000000000000000
00000000000000000000000000000000000000000000000000000000000000000000000000000000000000000000000000000000000000000000000000000000
00000000000000000000000000000000000000000000000000000000000000000000000000000000000000000000000000000000000000000000000000000000
00000000000000000000000000000000000000000000000000000000000000000000000000000000000000000000000000000000000000000000000000000000
00000000000000000000000000000000000000000000000000000000000000000000000000000000000000000000000000000000000000000000000000000000
00000000000000000000000000000000000000000000000000000000000000000000000000000000000000000000000000000000000000000000000000000000
00000000000000000000000000000000000000000000000000000000000000000000000000000000000000000000000000000000000000000000000000000000
00000000000000000000000000000000000000000000000000000000000000000000000000000000000000000000000000000000000000000000000000000000
00000000000000000000000000000000000000000000000000000000000000000000000000000000000000000000000000000000000000000000000000000000
00000000000000000000000000000000000000000000000000000000000000000000000000000000000000000000000000000000000000000000000000000000
00000000000000000000000000000000000000000000000000000000000000000000000000000000000000000000000000000000000000000000000000000000
00000000000000000000000000000000000000000000000000000000000000000000000000000000000000000000000000000000000000000000000000000000
00000000000000000000000000000000000000000000000000000000000000000000000000000000000000000000000000000000000000000000000000000000
00000000000000000000000000000000000000000000000000000000000000000000000000000000000000000000000000000000000000000000000000000000
00000000000000000000000000000000000000000000000000000000000000000000000000000000000000000000000000000000000000000000000000000000
00000000000000000000000000000000000000000000000000000000000000000000000000000000000000000000000000000000000000000000000000000000
00000000000000000000000000000000000000000000000000000000000000000000000000000000000000000000000000000000000000000000000000000000
00000000000000000000000000000000000000000000000000000000000000000000000000000000000000000000000000000000000000000000000000000000
00000000000000000000000000000000000000000000000000000000000000000000000000000000000000000000000000000000000000000000000000000000
00000000000000000000000000000000000000000000000000000000000000000000000000000000000000000000000000000000000000000000000000000000
00000000000000000000000000000000000000000000000000000000000000000000000000000000000000000000000000000000000000000000000000000000
00000000000000000000000000000000000000000000000000000000000000000000000000000000000000000000000000000000000000000000000000000000
00000000000000000000000000000000000000000000000000000000000000000000000000000000000000000000000000000000000000000000000000000000
00000000000000000000000000000000000000000000000000000000000000000000000000000000000000000000000000000000000000000000000000000000
00000000000000000000000000000000000000000000000000000000000000000000000000000000000000000000000000000000000000000000000000000000
00000000000000000000000000000000000000000000000000000000000000000000000000000000000000000000000000000000000000000000000000000000
00000000000000000000000000000000000000000000000000000000000000000000000000000000000000000000000000000000000000000000000000000000
00000000000000000000000000000000000000000000000000000000000000000000000000000000000000000000000000000000000000000000000000000000
00000000000000000000000000000000000000000000000000000000000000000000000000000000000000000000000000000000000000000000000000000000
00000000000000000000000000000000000000000000000000000000000000000000000000000000000000000000000000000000000000000000000000000000
00000000000000000000000000000000000000000000000000000000000000000000000000000000000000000000000000000000000000000000000000000000
00000000000000000000000000000000000000000000000000000000000000000000000000000000000000000000000000000000000000000000000000000000
00000000000000000000000000000000000000000000000000000000000000000000000000000000000000000000000000000000000000000000000000000000
00000000000000000000000000000000000000000000000000000000000000000000000000000000000000000000000000000000000000000000000000000000
00000000000000000000000000000000000000000000000000000000000000000000000000000000000000000000000000000000000000000000000000000000
00000000000000000000000000000000000000000000000000000000000000000000000000000000000000000000000000000000000000000000000000000000
00000000000000000000000000000000000000000000000000000000000000000000000000000000000000000000000000000000000000000000000000000000
00000000000000000000000000000000000000000000000000000000000000000000000000000000000000000000000000000000000000000000000000000000
00000000000000000000000000000000000000000000000000000000000000000000000000000000000000000000000000000000000000000000000000000000
00000000000000000000000000000000000000000000000000000000000000000000000000000000000000000000000000000000000000000000000000000000
00000000000000000000000000000000000000000000000000000000000000000000000000000000000000000000000000000000000000000000000000000000
00000000000000000000000000000000000000000000000000000000000000000000000000000000000000000000000000000000000000000000000000000000
00000000000000000000000000000000000000000000000000000000000000000000000000000000000000000000000000000000000000000000000000000000
00000000000000000000000000000000000000000000000000000000000000000000000000000000000000000000000000000000000000000000000000000000
00000000000000000000000000000000000000000000000000000000000000000000000000000000000000000000000000000000000000000000000000000000
00000000000000000000000000000000000000000000000000000000000000000000000000000000000000000000000000000000000000000000000000000000
00000000000000000000000000000000000000000000000000000000000000000000000000000000000000000000000000000000000000000000000000000000
00000000000000000000000000000000000000000000000000000000000000000000000000000000000000000000000000000000000000000000000000000000
00000000000000000000000000000000000000000000000000000000000000000000000000000000000000000000000000000000000000000000000000000000
00000000000000000000000000000000000000000000000000000000000000000000000000000000000000000000000000000000000000000000000000000000
00000000000000000000000000000000000000000000000000000000000000000000000000000000000000000000000000000000000000000000000000000000
00000000000000000000000000000000000000000000000000000000000000000000000000000000000000000000000000000000000000000000000000000000
00000000000000000000000000000000000000000000000000000000000000000000000000000000000000000000000000000000000000000000000000000000
00000000000000000000000000000000000000000000000000000000000000000000000000000000000000000000000000000000000000000000000000000000
00000000000000000000000000000000000000000000000000000000000000000000000000000000000000000000000000000000000000000000000000000000
00000000000000000000000000000000000000000000000000000000000000000000000000000000000000000000000000000000000000000000000000000000
00000000000000000000000000000000000000000000000000000000000000000000000000000000000000000000000000000000000000000000000000000000
00000000000000000000000000000000000000000000000000000000000000000000000000000000000000000000000000000000000000000000000000000000
00000000000000000000000000000000000000000000000000000000000000000000000000000000000000000000000000000000000000000000000000000000
00000000000000000000000000000000000000000000000000000000000000000000000000000000000000000000000000000000000000000000000000000000
00000000000000000000000000000000000000000000000000000000000000000000000000000000000000000000000000000000000000000000000000000000
00000000000000000000000000000000000000000000000000000000000000000000000000000000000000000000000000000000000000000000000000000000
00000000000000000000000000000000000000000000000000000000000000000000000000000000000000000000000000000000000000000000000000000000
00000000000000000000000000000000000000000000000000000000000000000000000000000000000000000000000000000000000000000000000000000000
00000000000000000000000000000000000000000000000000000000000000000000000000000000000000000000000000000000000000000000000000000000
00000000000000000000000000000000000000000000000000000000000000000000000000000000000000000000000000000000000000000000000000000000
00000000000000000000000000000000000000000000000000000000000000000000000000000000000000000000000000000000000000000000000000000000
00000000000000000000000000000000000000000000000000000000000000000000000000000000000000000000000000000000000000000000000000000000
00000000000000000000000000000000000000000000000000000000000000000000000000000000000000000000000000000000000000000000000000000000
00000000000000000000000000000000000000000000000000000000000000000000000000000000000000000000000000000000000000000000000000000000
00000000000000000000000000000000000000000000000000000000000000000000000000000000000000000000000000000000000000000000000000000000
00000000000000000000000000000000000000000000000000000000000000000000000000000000000000000000000000000000000000000000000000000000
00000000000000000000000000000000000000000000000000000000000000000000000000000000000000000000000000000000000000000000000000000000
00000000000000000000000000000000000000000000000000000000000000000000000000000000000000000000000000000000000000000000000000000000
00000000000000000000000000000000000000000000000000000000000000000000000000000000000000000000000000000000000000000000000000000000
00000000000000000000000000000000000000000000000000000000000000000000000000000000000000000000000000000000000000000000000000000000
00000000000000000000000000000000000000000000000000000000000000000000000000000000000000000000000000000000000000000000000000000000
00000000000000000000000000000000000000000000000000000000000000000000000000000000000000000000000000000000000000000000000000000000
00000000000000000000000000000000000000000000000000000000000000000000000000000000000000000000000000000000000000000000000000000000
00000000000000000000000000000000000000000000000000000000000000000000000000000000000000000000000000000000000000000000000000000000
00000000000000000000000000000000000000000000000000000000000000000000000000000000000000000000000000000000000000000000000000000000
00000000000000000000000000000000000000000000000000000000000000000000000000000000000000000000000000000000000000000000000000000000
00000000000000000000000000000000000000000000000000000000000000000000000000000000000000000000000000000000000000000000000000000000
00000000000000000000000000000000000000000000000000000000000000000000000000000000000000000000000000000000000000000000000000000000
00000000000000000000000000000000000000000000000000000000000000000000000000000000000000000000000000000000000000000000000000000000
00000000000000000000000000000000000000000000000000000000000000000000000000000000000000000000000000000000000000000000000000000000
00000000000000000000000000000000000000000000000000000000000000000000000000000000000000000000000000000000000000000000000000000000
00000000000000000000000000000000000000000000000000000000000000000000000000000000000000000000000000000000000000000000000000000000
00000000000000000000000000000000000000000000000000000000000000000000000000000000000000000000000000000000000000000000000000000000
00000000000000000000000000000000000000000000000000000000000000000000000000000000000000000000000000000000000000000000000000000000
00000000000000000000000000000000000000000000000000000000000000000000000000000000000000000000000000000000000000000000000000000000
00000000000000000000000000000000000000000000000000000000000000000000000000000000000000000000000000000000000000000000000000000000
00000000000000000000000000000000000000000000000000000000000000000000000000000000000000000000000000000000000000000000000000000000
00000000000000000000000000000000000000000000000000000000000000000000000000000000000000000000000000000000000000000000000000000000
00000000000000000000000000000000000000000000000000000000000000000000000000000000000000000000000000000000000000000000000000000000
00000000000000000000000000000000000000000000000000000000000000000000000000000000000000000000000000000000000000000000000000000000
00000000000000000000000000000000000000000000000000000000000000000000000000000000000000000000000000000000000000000000000000000000
00000000000000000000000000000000000000000000000000000000000000000000000000000000000000000000000000000000000000000000000000000000
00000000000000000000000000000000000000000000000000000000000000000000000000000000000000000000000000000000000000000000000000000000
00000000000000000000000000000000000000000000000000000000000000000000000000000000000000000000000000000000000000000000000000000000
00000000000000000000000000000000000000000000000000000000000000000000000000000000000000000000000000000000000000000000000000000000
00000000000000000000000000000000000000000000000000000000000000000000000000000000000000000000000000000000000000000000000000000000
00000000000000000000000000000000000000000000000000000000000000000000000000000000000000000000000000000000000000000000000000000000
00000000000000000000000000000000000000000000000000000000000000000000000000000000000000000000000000000000000000000000000000000000
00000000000000000000000000000000000000000000000000000000000000000000000000000000000000000000000000000000000000000000000000000000
00000000000000000000000000000000000000000000000000000000000000000000000000000000000000000000000000000000000000000000000000000000
00000000000000000000000000000000000000000000000000000000000000000000000000000000000000000000000000000000000000000000000000000000
00000000000000000000000000000000000000000000000000000000000000000000000000000000000000000000000000000000000000000000000000000000
00000000000000000000000000000000000000000000000000000000000000000000000000000000000000000000000000000000000000000000000000000000
00000000000000000000000000000000000000000000000000000000000000000000000000000000000000000000000000000000000000000000000000000000
00000000000000000000000000000000000000000000000000000000000000000000000000000000000000000000000000000000000000000000000000000000
00000000000000000000000000000000000000000000000000000000000000000000000000000000000000000000000000000000000000000000000000000000
00000000000000000000000000000000000000000000000000000000000000000000000000000000000000000000000000000000000000000000000000000000
00000000000000000000000000000000000000000000000000000000000000000000000000000000000000000000000000000000000000000000000000000000
00000000000000000000000000000000000000000000000000000000000000000000000000000000000000000000000000000000000000000000000000000000
00000000000000000000000000000000000000000000000000000000000000000000000000000000000000000000000000000000000000000000000000000000
00000000000000000000000000000000000000000000000000000000000000000000000000000000000000000000000000000000000000000000000000000000
00000000000000000000000000000000000000000000000000000000000000000000000000000000000000000000000000000000000000000000000000000000
00000000000000000000000000000000000000000000000000000000000000000000000000000000000000000000000000000000000000000000000000000000
00000000000000000000000000000000000000000000000000000000000000000000000000000000000000000000000000000000000000000000000000000000
00000000000000000000000000000000000000000000000000000000000000000000000000000000000000000000000000000000000000000000000000000000
00000000000000000000000000000000000000000000000000000000000000000000000000000000000000000000000000000000000000000000000000000000
00000000000000000000000000000000000000000000000000000000000000000000000000000000000000000000000000000000000000000000000000000000
00000000000000000000000000000000000000000000000000000000000000000000000000000000000000000000000000000000000000000000000000000000
00000000000000000000000000000000000000000000000000000000000000000000000000000000000000000000000000000000000000000000000000000000
00000000000000000000000000000000000000000000000000000000000000000000000000000000000000000000000000000000000000000000000000000000
00000000000000000000000000000000000000000000000000000000000000000000000000000000000000000000000000000000000000000000000000000000
00000000000000000000000000000000000000000000000000000000000000000000000000000000000000000000000000000000000000000000000000000000
00000000000000000000000000000000000000000000000000000000000000000000000000000000000000000000000000000000000000000000000000000000
00000000000000000000000000000000000000000000000000000000000000000000000000000000000000000000000000000000000000000000000000000000
00000000000000000000000000000000000000000000000000000000000000000000000000000000000000000000000000000000000000000000000000000000
00000000000000000000000000000000000000000000000000000000000000000000000000000000000000000000000000000000000000000000000000000000
00000000000000000000000000000000000000000000000000000000000000000000000000000000000000000000000000000000000000000000000000000000
00000000000000000000000000000000000000000000000000000000000000000000000000000000000000000000000000000000000000000000000000000000
00000000000000000000000000000000000000000000000000000000000000000000000000000000000000000000000000000000000000000000000000000000
00000000000000000000000000000000000000000000000000000000000000000000000000000000000000000000000000000000000000000000000000000000
00000000000000000000000000000000000000000000000000000000000000000000000000000000000000000000000000000000000000000000000000000000
00000000000000000000000000000000000000000000000000000000000000000000000000000000000000000000000000000000000000000000000000000000
00000000000000000000000000000000000000000000000000000000000000000000000000000000000000000000000000000000000000000000000000000000
00000000000000000000000000000000000000000000000000000000000000000000000000000000000000000000000000000000000000000000000000000000
00000000000000000000000000000000000000000000000000000000000000000000000000000000000000000000000000000000000000000000000000000000
00000000000000000000000000000000000000000000000000000000000000000000000000000000000000000000000000000000000000000000000000000000
00000000000000000000000000000000000000000000000000000000000000000000000000000000000000000000000000000000000000000000000000000000
00000000000000000000000000000000000000000000000000000000000000000000000000000000000000000000000000000000000000000000000000000000
00000000000000000000000000000000000000000000000000000000000000000000000000000000000000000000000000000000000000000000000000000000
00000000000000000000000000000000000000000000000000000000000000000000000000000000000000000000000000000000000000000000000000000000
00000000000000000000000000000000000000000000000000000000000000000000000000000000000000000000000000000000000000000000000000000000
00000000000000000000000000000000000000000000000000000000000000000000000000000000000000000000000000000000000000000000000000000000
00000000000000000000000000000000000000000000000000000000000000000000000000000000000000000000000000000000000000000000000000000000
00000000000000000000000000000000000000000000000000000000000000000000000000000000000000000000000000000000000000000000000000000000
00000000000000000000000000000000000000000000000000000000000000000000000000000000000000000000000000000000000000000000000000000000
00000000000000000000000000000000000000000000000000000000000000000000000000000000000000000000000000000000000000000000000000000000
00000000000000000000000000000000000000000000000000000000000000000000000000000000000000000000000000000000000000000000000000000000
00000000000000000000000000000000000000000000000000000000000000000000000000000000000000000000000000000000000000000000000000000000
00000000000000000000000000000000000000000000000000000000000000000000000000000000000000000000000000000000000000000000000000000000
00000000000000000000000000000000000000000000000000000000000000000000000000000000000000000000000000000000000000000000000000000000
00000000000000000000000000000000000000000000000000000000000000000000000000000000000000000000000000000000000000000000000000000000
00000000000000000000000000000000000000000000000000000000000000000000000000000000000000000000000000000000000000000000000000000000
00000000000000000000000000000000000000000000000000000000000000000000000000000000000000000000000000000000000000000000000000000000
00000000000000000000000000000000000000000000000000000000000000000000000000000000000000000000000000000000000000000000000000000000
00000000000000000000000000000000000000000000000000000000000000000000000000000000000000000000000000000000000000000000000000000000
00000000000000000000000000000000000000000000000000000000000000000000000000000000000000000000000000000000000000000000000000000000
00000000000000000000000000000000000000000000000000000000000000000000000000000000000000000000000000000000000000000000000000000000
00000000000000000000000000000000000000000000000000000000000000000000000000000000000000000000000000000000000000000000000000000000
00000000000000000000000000000000000000000000000000000000000000000000000000000000000000000000000000000000000000000000000000000000
00000000000000000000000000000000000000000000000000000000000000000000000000000000000000000000000000000000000000000000000000000000
00000000000000000000000000000000000000000000000000000000000000000000000000000000000000000000000000000000000000000000000000000000
00000000000000000000000000000000000000000000000000000000000000000000000000000000000000000000000000000000000000000000000000000000
00000000000000000000000000000000000000000000000000000000000000000000000000000000000000000000000000000000000000000000000000000000
00000000000000000000000000000000000000000000000000000000000000000000000000000000000000000000000000000000000000000000000000000000
00000000000000000000000000000000000000000000000000000000000000000000000000000000000000000000000000000000000000000000000000000000
00000000000000000000000000000000000000000000000000000000000000000000000000000000000000000000000000000000000000000000000000000000
00000000000000000000000000000000000000000000000000000000000000000000000000000000000000000000000000000000000000000000000000000000
00000000000000000000000000000000000000000000000000000000000000000000000000000000000000000000000000000000000000000000000000000000
00000000000000000000000000000000000000000000000000000000000000000000000000000000000000000000000000000000000000000000000000000000
00000000000000000000000000000000000000000000000000000000000000000000000000000000000000000000000000000000000000000000000000000000
00000000000000000000000000000000000000000000000000000000000000000000000000000000000000000000000000000000000000000000000000000000
00000000000000000000000000000000000000000000000000000000000000000000000000000000000000000000000000000000000000000000000000000000
00000000000000000000000000000000000000000000000000000000000000000000000000000000000000000000000000000000000000000000000000000000
00000000000000000000000000000000000000000000000000000000000000000000000000000000000000000000000000000000000000000000000000000000
00000000000000000000000000000000000000000000000000000000000000000000000000000000000000000000000000000000000000000000000000000000
00000000000000000000000000000000000000000000000000000000000000000000000000000000000000000000000000000000000000000000000000000000
00000000000000000000000000000000000000000000000000000000000000000000000000000000000000000000000000000000000000000000000000000000
00000000000000000000000000000000000000000000000000000000000000000000000000000000000000000000000000000000000000000000000000000000
00000000000000000000000000000000000000000000000000000000000000000000000000000000000000000000000000000000000000000000000000000000
00000000000000000000000000000000000000000000000000000000000000000000000000000000000000000000000000000000000000000000000000000000
00000000000000000000000000000000000000000000000000000000000000000000000000000000000000000000000000000000000000000000000000000000
00000000000000000000000000000000000000000000000000000000000000000000000000000000000000000000000000000000000000000000000000000000
00000000000000000000000000000000000000000000000000000000000000000000000000000000000000000000000000000000000000000000000000000000
00000000000000000000000000000000000000000000000000000000000000000000000000000000000000000000000000000000000000000000000000000000
00000000000000000000000000000000000000000000000000000000000000000000000000000000000000000000000000000000000000000000000000000000
00000000000000000000000000000000000000000000000000000000000000000000000000000000000000000000000000000000000000000000000000000000
00000000000000000000000000000000000000000000000000000000000000000000000000000000000000000000000000000000000000000000000000000000
00000000000000000000000000000000000000000000000000000000000000000000000000000000000000000000000000000000000000000000000000000000
00000000000000000000000000000000000000000000000000000000000000000000000000000000000000000000000000000000000000000000000000000000
00000000000000000000000000000000000000000000000000000000000000000000000000000000000000000000000000000000000000000000000000000000
00000000000000000000000000000000000000000000000000000000000000000000000000000000000000000000000000000000000000000000000000000000
00000000000000000000000000000000000000000000000000000000000000000000000000000000000000000000000000000000000000000000000000000000
00000000000000000000000000000000000000000000000000000000000000000000000000000000000000000000000000000000000000000000000000000000
00000000000000000000000000000000000000000000000000000000000000000000000000000000000000000000000000000000000000000000000000000000
00000000000000000000000000000000000000000000000000000000000000000000000000000000000000000000000000000000000000000000000000000000
00000000000000000000000000000000000000000000000000000000000000000000000000000000000000000000000000000000000000000000000000000000
00000000000000000000000000000000000000000000000000000000000000000000000000000000000000000000000000000000000000000000000000000000
00000000000000000000000000000000000000000000000000000000000000000000000000000000000000000000000000000000000000000000000000000000
00000000000000000000000000000000000000000000000000000000000000000000000000000000000000000000000000000000000000000000000000000000
00000000000000000000000000000000000000000000000000000000000000000000000000000000000000000000000000000000000000000000000000000000
00000000000000000000000000000000000000000000000000000000000000000000000000000000000000000000000000000000000000000000000000000000
00000000000000000000000000000000000000000000000000000000000000000000000000000000000000000000000000000000000000000000000000000000
00000000000000000000000000000000000000000000000000000000000000000000000000000000000000000000000000000000000000000000000000000000
00000000000000000000000000000000000000000000000000000000000000000000000000000000000000000000000000000000000000000000000000000000
00000000000000000000000000000000000000000000000000000000000000000000000000000000000000000000000000000000000000000000000000000000
00000000000000000000000000000000000000000000000000000000000000000000000000000000000000000000000000000000000000000000000000000000
00000000000000000000000000000000000000000000000000000000000000000000000000000000000000000000000000000000000000000000000000000000
00000000000000000000000000000000000000000000000000000000000000000000000000000000000000000000000000000000000000000000000000000000
00000000000000000000000000000000000000000000000000000000000000000000000000000000000000000000000000000000000000000000000000000000
00000000000000000000000000000000000000000000000000000000000000000000000000000000000000000000000000000000000000000000000000000000
00000000000000000000000000000000000000000000000000000000000000000000000000000000000000000000000000000000000000000000000000000000
00000000000000000000000000000000000000000000000000000000000000000000000000000000000000000000000000000000000000000000000000000000
00000000000000000000000000000000000000000000000000000000000000000000000000000000000000000000000000000000000000000000000000000000
00000000000000000000000000000000000000000000000000000000000000000000000000000000000000000000000000000000000000000000000000000000
00000000000000000000000000000000000000000000000000000000000000000000000000000000000000000000000000000000000000000000000000000000
00000000000000000000000000000000000000000000000000000000000000000000000000000000000000000000000000000000000000000000000000000000
00000000000000000000000000000000000000000000000000000000000000000000000000000000000000000000000000000000000000000000000000000000
00000000000000000000000000000000000000000000000000000000000000000000000000000000000000000000000000000000000000000000000000000000
00000000000000000000000000000000000000000000000000000000000000000000000000000000000000000000000000000000000000000000000000000000
00000000000000000000000000000000000000000000000000000000000000000000000000000000000000000000000000000000000000000000000000000000
00000000000000000000000000000000000000000000000000000000000000000000000000000000000000000000000000000000000000000000000000000000
00000000000000000000000000000000000000000000000000000000000000000000000000000000000000000000000000000000000000000000000000000000
00000000000000000000000000000000000000000000000000000000000000000000000000000000000000000000000000000000000000000000000000000000
00000000000000000000000000000000000000000000000000000000000000000000000000000000000000000000000000000000000000000000000000000000
00000000000000000000000000000000000000000000000000000000000000000000000000000000000000000000000000000000000000000000000000000000
00000000000000000000000000000000000000000000000000000000000000000000000000000000000000000000000000000000000000000000000000000000
00000000000000000000000000000000000000000000000000000000000000000000000000000000000000000000000000000000000000000000000000000000
00000000000000000000000000000000000000000000000000000000000000000000000000000000000000000000000000000000000000000000000000000000
00000000000000000000000000000000000000000000000000000000000000000000000000000000000000000000000000000000000000000000000000000000
00000000000000000000000000000000000000000000000000000000000000000000000000000000000000000000000000000000000000000000000000000000
00000000000000000000000000000000000000000000000000000000000000000000000000000000000000000000000000000000000000000000000000000000
00000000000000000000000000000000000000000000000000000000000000000000000000000000000000000000000000000000000000000000000000000000
00000000000000000000000000000000000000000000000000000000000000000000000000000000000000000000000000000000000000000000000000000000
00000000000000000000000000000000000000000000000000000000000000000000000000000000000000000000000000000000000000000000000000000000
00000000000000000000000000000000000000000000000000000000000000000000000000000000000000000000000000000000000000000000000000000000
00000000000000000000000000000000000000000000000000000000000000000000000000000000000000000000000000000000000000000000000000000000
00000000000000000000000000000000000000000000000000000000000000000000000000000000000000000000000000000000000000000000000000000000
00000000000000000000000000000000000000000000000000000000000000000000000000000000000000000000000000000000000000000000000000000000
00000000000000000000000000000000000000000000000000000000000000000000000000000000000000000000000000000000000000000000000000000000
00000000000000000000000000000000000000000000000000000000000000000000000000000000000000000000000000000000000000000000000000000000
00000000000000000000000000000000000000000000000000000000000000000000000000000000000000000000000000000000000000000000000000000000
00000000000000000000000000000000000000000000000000000000000000000000000000000000000000000000000000000000000000000000000000000000
00000000000000000000000000000000000000000000000000000000000000000000000000000000000000000000000000000000000000000000000000000000
00000000000000000000000000000000000000000000000000000000000000000000000000000000000000000000000000000000000000000000000000000000
00000000000000000000000000000000000000000000000000000000000000000000000000000000000000000000000000000000000000000000000000000000
00000000000000000000000000000000000000000000000000000000000000000000000000000000000000000000000000000000000000000000000000000000
00000000000000000000000000000000000000000000000000000000000000000000000000000000000000000000000000000000000000000000000000000000
00000000000000000000000000000000000000000000000000000000000000000000000000000000000000000000000000000000000000000000000000000000
00000000000000000000000000000000000000000000000000000000000000000000000000000000000000000000000000000000000000000000000000000000
00000000000000000000000000000000000000000000000000000000000000000000000000000000000000000000000000000000000000000000000000000000
00000000000000000000000000000000000000000000000000000000000000000000000000000000000000000000000000000000000000000000000000000000
00000000000000000000000000000000000000000000000000000000000000000000000000000000000000000000000000000000000000000000000000000000
00000000000000000000000000000000000000000000000000000000000000000000000000000000000000000000000000000000000000000000000000000000
00000000000000000000000000000000000000000000000000000000000000000000000000000000000000000000000000000000000000000000000000000000
00000000000000000000000000000000000000000000000000000000000000000000000000000000000000000000000000000000000000000000000000000000
00000000000000000000000000000000000000000000000000000000000000000000000000000000000000000000000000000000000000000000000000000000
00000000000000000000000000000000000000000000000000000000000000000000000000000000000000000000000000000000000000000000000000000000
00000000000000000000000000000000000000000000000000000000000000000000000000000000000000000000000000000000000000000000000000000000
00000000000000000000000000000000000000000000000000000000000000000000000000000000000000000000000000000000000000000000000000000000
00000000000000000000000000000000000000000000000000000000000000000000000000000000000000000000000000000000000000000000000000000000
00000000000000000000000000000000000000000000000000000000000000000000000000000000000000000000000000000000000000000000000000000000
00000000000000000000000000000000000000000000000000000000000000000000000000000000000000000000000000000000000000000000000000000000
00000000000000000000000000000000000000000000000000000000000000000000000000000000000000000000000000000000000000000000000000000000
00000000000000000000000000000000000000000000000000000000000000000000000000000000000000000000000000000000000000000000000000000000
00000000000000000000000000000000000000000000000000000000000000000000000000000000000000000000000000000000000000000000000000000000
00000000000000000000000000000000000000000000000000000000000000000000000000000000000000000000000000000000000000000000000000000000
00000000000000000000000000000000000000000000000000000000000000000000000000000000000000000000000000000000000000000000000000000000
00000000000000000000000000000000000000000000000000000000000000000000000000000000000000000000000000000000000000000000000000000000
00000000000000000000000000000000000000000000000000000000000000000000000000000000000000000000000000000000000000000000000000000000
00000000000000000000000000000000000000000000000000000000000000000000000000000000000000000000000000000000000000000000000000000000
00000000000000000000000000000000000000000000000000000000000000000000000000000000000000000000000000000000000000000000000000000000
00000000000000000000000000000000000000000000000000000000000000000000000000000000000000000000000000000000000000000000000000000000
00000000000000000000000000000000000000000000000000000000000000000000000000000000000000000000000000000000000000000000000000000000
00000000000000000000000000000000000000000000000000000000000000000000000000000000000000000000000000000000000000000000000000000000
00000000000000000000000000000000000000000000000000000000000000000000000000000000000000000000000000000000000000000000000000000000
00000000000000000000000000000000000000000000000000000000000000000000000000000000000000000000000000000000000000000000000000000000
00000000000000000000000000000000000000000000000000000000000000000000000000000000000000000000000000000000000000000000000000000000
00000000000000000000000000000000000000000000000000000000000000000000000000000000000000000000000000000000000000000000000000000000
00000000000000000000000000000000000000000000000000000000000000000000000000000000000000000000000000000000000000000000000000000000
00000000000000000000000000000000000000000000000000000000000000000000000000000000000000000000000000000000000000000000000000000000
00000000000000000000000000000000000000000000000000000000000000000000000000000000000000000000000000000000000000000000000000000000
00000000000000000000000000000000000000000000000000000000000000000000000000000000000000000000000000000000000000000000000000000000
00000000000000000000000000000000000000000000000000000000000000000000000000000000000000000000000000000000000000000000000000000000
00000000000000000000000000000000000000000000000000000000000000000000000000000000000000000000000000000000000000000000000000000000
00000000000000000000000000000000000000000000000000000000000000000000000000000000000000000000000000000000000000000000000000000000
00000000000000000000000000000000000000000000000000000000000000000000000000000000000000000000000000000000000000000000000000000000
00000000000000000000000000000000000000000000000000000000000000000000000000000000000000000000000000000000000000000000000000000000
00000000000000000000000000000000000000000000000000000000000000000000000000000000000000000000000000000000000000000000000000000000
00000000000000000000000000000000000000000000000000000000000000000000000000000000000000000000000000000000000000000000000000000000
00000000000000000000000000000000000000000000000000000000000000000000000000000000000000000000000000000000000000000000000000000000
00000000000000000000000000000000000000000000000000000000000000000000000000000000000000000000000000000000000000000000000000000000
00000000000000000000000000000000000000000000000000000000000000000000000000000000000000000000000000000000000000000000000000000000
00000000000000000000000000000000000000000000000000000000000000000000000000000000000000000000000000000000000000000000000000000000
00000000000000000000000000000000000000000000000000000000000000000000000000000000000000000000000000000000000000000000000000000000
00000000000000000000000000000000000000000000000000000000000000000000000000000000000000000000000000000000000000000000000000000000
00000000000000000000000000000000000000000000000000000000000000000000000000000000000000000000000000000000000000000000000000000000
00000000000000000000000000000000000000000000000000000000000000000000000000000000000000000000000000000000000000000000000000000000
00000000000000000000000000000000000000000000000000000000000000000000000000000000000000000000000000000000000000000000000000000000
00000000000000000000000000000000000000000000000000000000000000000000000000000000000000000000000000000000000000000000000000000000
00000000000000000000000000000000000000000000000000000000000000000000000000000000000000000000000000000000000000000000000000000000
00000000000000000000000000000000000000000000000000000000000000000000000000000000000000000000000000000000000000000000000000000000
00000000000000000000000000000000000000000000000000000000000000000000000000000000000000000000000000000000000000000000000000000000
00000000000000000000000000000000000000000000000000000000000000000000000000000000000000000000000000000000000000000000000000000000
00000000000000000000000000000000000000000000000000000000000000000000000000000000000000000000000000000000000000000000000000000000
00000000000000000000000000000000000000000000000000000000000000000000000000000000000000000000000000000000000000000000000000000000
00000000000000000000000000000000000000000000000000000000000000000000000000000000000000000000000000000000000000000000000000000000
00000000000000000000000000000000000000000000000000000000000000000000000000000000000000000000000000000000000000000000000000000000
00000000000000000000000000000000000000000000000000000000000000000000000000000000000000000000000000000000000000000000000000000000
00000000000000000000000000000000000000000000000000000000000000000000000000000000000000000000000000000000000000000000000000000000
00000000000000000000000000000000000000000000000000000000000000000000000000000000000000000000000000000000000000000000000000000000
00000000000000000000000000000000000000000000000000000000000000000000000000000000000000000000000000000000000000000000000000000000
00000000000000000000000000000000000000000000000000000000000000000000000000000000000000000000000000000000000000000000000000000000
00000000000000000000000000000000000000000000000000000000000000000000000000000000000000000000000000000000000000000000000000000000
00000000000000000000000000000000000000000000000000000000000000000000000000000000000000000000000000000000000000000000000000000000
00000000000000000000000000000000000000000000000000000000000000000000000000000000000000000000000000000000000000000000000000000000
00000000000000000000000000000000000000000000000000000000000000000000000000000000000000000000000000000000000000000000000000000000
00000000000000000000000000000000000000000000000000000000000000000000000000000000000000000000000000000000000000000000000000000000
00000000000000000000000000000000000000000000000000000000000000000000000000000000000000000000000000000000000000000000000000000000
00000000000000000000000000000000000000000000000000000000000000000000000000000000000000000000000000000000000000000000000000000000
00000000000000000000000000000000000000000000000000000000000000000000000000000000000000000000000000000000000000000000000000000000
00000000000000000000000000000000000000000000000000000000000000000000000000000000000000000000000000000000000000000000000000000000
00000000000000000000000000000000000000000000000000000000000000000000000000000000000000000000000000000000000000000000000000000000
00000000000000000000000000000000000000000000000000000000000000000000000000000000000000000000000000000000000000000000000000000000
00000000000000000000000000000000000000000000000000000000000000000000000000000000000000000000000000000000000000000000000000000000
00000000000000000000000000000000000000000000000000000000000000000000000000000000000000000000000000000000000000000000000000000000
00000000000000000000000000000000000000000000000000000000000000000000000000000000000000000000000000000000000000000000000000000000
00000000000000000000000000000000000000000000000000000000000000000000000000000000000000000000000000000000000000000000000000000000
00000000000000000000000000000000000000000000000000000000000000000000000000000000000000000000000000000000000000000000000000000000
00000000000000000000000000000000000000000000000000000000000000000000000000000000000000000000000000000000000000000000000000000000
00000000000000000000000000000000000000000000000000000000000000000000000000000000000000000000000000000000000000000000000000000000
00000000000000000000000000000000000000000000000000000000000000000000000000000000000000000000000000000000000000000000000000000000
00000000000000000000000000000000000000000000000000000000000000000000000000000000000000000000000000000000000000000000000000000000
00000000000000000000000000000000000000000000000000000000000000000000000000000000000000000000000000000000000000000000000000000000
00000000000000000000000000000000000000000000000000000000000000000000000000000000000000000000000000000000000000000000000000000000
00000000000000000000000000000000000000000000000000000000000000000000000000000000000000000000000000000000000000000000000000000000
00000000000000000000000000000000000000000000000000000000000000000000000000000000000000000000000000000000000000000000000000000000
00000000000000000000000000000000000000000000000000000000000000000000000000000000000000000000000000000000000000000000000000000000
00000000000000000000000000000000000000000000000000000000000000000000000000000000000000000000000000000000000000000000000000000000
00000000000000000000000000000000000000000000000000000000000000000000000000000000000000000000000000000000000000000000000000000000
00000000000000000000000000000000000000000000000000000000000000000000000000000000000000000000000000000000000000000000000000000000
00000000000000000000000000000000000000000000000000000000000000000000000000000000000000000000000000000000000000000000000000000000
00000000000000000000000000000000000000000000000000000000000000000000000000000000000000000000000000000000000000000000000000000000
00000000000000000000000000000000000000000000000000000000000000000000000000000000000000000000000000000000000000000000000000000000
00000000000000000000000000000000000000000000000000000000000000000000000000000000000000000000000000000000000000000000000000000000
00000000000000000000000000000000000000000000000000000000000000000000000000000000000000000000000000000000000000000000000000000000
00000000000000000000000000000000000000000000000000000000000000000000000000000000000000000000000000000000000000000000000000000000
00000000000000000000000000000000000000000000000000000000000000000000000000000000000000000000000000000000000000000000000000000000
00000000000000000000000000000000000000000000000000000000000000000000000000000000000000000000000000000000000000000000000000000000
00000000000000000000000000000000000000000000000000000000000000000000000000000000000000000000000000000000000000000000000000000000
00000000000000000000000000000000000000000000000000000000000000000000000000000000000000000000000000000000000000000000000000000000
00000000000000000000000000000000000000000000000000000000000000000000000000000000000000000000000000000000000000000000000000000000
00000000000000000000000000000000000000000000000000000000000000000000000000000000000000000000000000000000000000000000000000000000
00000000000000000000000000000000000000000000000000000000000000000000000000000000000000000000000000000000000000000000000000000000
00000000000000000000000000000000000000000000000000000000000000000000000000000000000000000000000000000000000000000000000000000000
00000000000000000000000000000000000000000000000000000000000000000000000000000000000000000000000000000000000000000000000000000000
00000000000000000000000000000000000000000000000000000000000000000000000000000000000000000000000000000000000000000000000000000000
00000000000000000000000000000000000000000000000000000000000000000000000000000000000000000000000000000000000000000000000000000000
00000000000000000000000000000000000000000000000000000000000000000000000000000000000000000000000000000000000000000000000000000000
00000000000000000000000000000000000000000000000000000000000000000000000000000000000000000000000000000000000000000000000000000000
00000000000000000000000000000000000000000000000000000000000000000000000000000000000000000000000000000000000000000000000000000000
00000000000000000000000000000000000000000000000000000000000000000000000000000000000000000000000000000000000000000000000000000000
00000000000000000000000000000000000000000000000000000000000000000000000000000000000000000000000000000000000000000000000000000000
00000000000000000000000000000000000000000000000000000000000000000000000000000000000000000000000000000000000000000000000000000000
00000000000000000000000000000000000000000000000000000000000000000000000000000000000000000000000000000000000000000000000000000000
00000000000000000000000000000000000000000000000000000000000000000000000000000000000000000000000000000000000000000000000000000000
00000000000000000000000000000000000000000000000000000000000000000000000000000000000000000000000000000000000000000000000000000000
00000000000000000000000000000000000000000000000000000000000000000000000000000000000000000000000000000000000000000000000000000000
00000000000000000000000000000000000000000000000000000000000000000000000000000000000000000000000000000000000000000000000000000000
00000000000000000000000000000000000000000000000000000000000000000000000000000000000000000000000000000000000000000000000000000000
00000000000000000000000000000000000000000000000000000000000000000000000000000000000000000000000000000000000000000000000000000000
00000000000000000000000000000000000000000000000000000000000000000000000000000000000000000000000000000000000000000000000000000000
00000000000000000000000000000000000000000000000000000000000000000000000000000000000000000000000000000000000000000000000000000000
00000000000000000000000000000000000000000000000000000000000000000000000000000000000000000000000000000000000000000000000000000000
00000000000000000000000000000000000000000000000000000000000000000000000000000000000000000000000000000000000000000000000000000000
00000000000000000000000000000000000000000000000000000000000000000000000000000000000000000000000000000000000000000000000000000000
00000000000000000000000000000000000000000000000000000000000000000000000000000000000000000000000000000000000000000000000000000000
00000000000000000000000000000000000000000000000000000000000000000000000000000000000000000000000000000000000000000000000000000000
00000000000000000000000000000000000000000000000000000000000000000000000000000000000000000000000000000000000000000000000000000000
00000000000000000000000000000000000000000000000000000000000000000000000000000000000000000000000000000000000000000000000000000000
00000000000000000000000000000000000000000000000000000000000000000000000000000000000000000000000000000000000000000000000000000000
00000000000000000000000000000000000000000000000000000000000000000000000000000000000000000000000000000000000000000000000000000000
00000000000000000000000000000000000000000000000000000000000000000000000000000000000000000000000000000000000000000000000000000000
00000000000000000000000000000000000000000000000000000000000000000000000000000000000000000000000000000000000000000000000000000000
00000000000000000000000000000000000000000000000000000000000000000000000000000000000000000000000000000000000000000000000000000000
00000000000000000000000000000000000000000000000000000000000000000000000000000000000000000000000000000000000000000000000000000000
00000000000000000000000000000000000000000000000000000000000000000000000000000000000000000000000000000000000000000000000000000000
00000000000000000000000000000000000000000000000000000000000000000000000000000000000000000000000000000000000000000000000000000000
00000000000000000000000000000000000000000000000000000000000000000000000000000000000000000000000000000000000000000000000000000000
00000000000000000000000000000000000000000000000000000000000000000000000000000000000000000000000000000000000000000000000000000000
00000000000000000000000000000000000000000000000000000000000000000000000000000000000000000000000000000000000000000000000000000000
00000000000000000000000000000000000000000000000000000000000000000000000000000000000000000000000000000000000000000000000000000000
00000000000000000000000000000000000000000000000000000000000000000000000000000000000000000000000000000000000000000000000000000000
00000000000000000000000000000000000000000000000000000000000000000000000000000000000000000000000000000000000000000000000000000000
00000000000000000000000000000000000000000000000000000000000000000000000000000000000000000000000000000000000000000000000000000000
00000000000000000000000000000000000000000000000000000000000000000000000000000000000000000000000000000000000000000000000000000000
00000000000000000000000000000000000000000000000000000000000000000000000000000000000000000000000000000000000000000000000000000000
00000000000000000000000000000000000000000000000000000000000000000000000000000000000000000000000000000000000000000000000000000000
00000000000000000000000000000000000000000000000000000000000000000000000000000000000000000000000000000000000000000000000000000000
00000000000000000000000000000000000000000000000000000000000000000000000000000000000000000000000000000000000000000000000000000000
00000000000000000000000000000000000000000000000000000000000000000000000000000000000000000000000000000000000000000000000000000000
00000000000000000000000000000000000000000000000000000000000000000000000000000000000000000000000000000000000000000000000000000000
00000000000000000000000000000000000000000000000000000000000000000000000000000000000000000000000000000000000000000000000000000000
00000000000000000000000000000000000000000000000000000000000000000000000000000000000000000000000000000000000000000000000000000000
00000000000000000000000000000000000000000000000000000000000000000000000000000000000000000000000000000000000000000000000000000000
00000000000000000000000000000000000000000000000000000000000000000000000000000000000000000000000000000000000000000000000000000000
00000000000000000000000000000000000000000000000000000000000000000000000000000000000000000000000000000000000000000000000000000000
00000000000000000000000000000000000000000000000000000000000000000000000000000000000000000000000000000000000000000000000000000000
00000000000000000000000000000000000000000000000000000000000000000000000000000000000000000000000000000000000000000000000000000000
00000000000000000000000000000000000000000000000000000000000000000000000000000000000000000000000000000000000000000000000000000000
00000000000000000000000000000000000000000000000000000000000000000000000000000000000000000000000000000000000000000000000000000000
00000000000000000000000000000000000000000000000000000000000000000000000000000000000000000000000000000000000000000000000000000000
00000000000000000000000000000000000000000000000000000000000000000000000000000000000000000000000000000000000000000000000000000000
00000000000000000000000000000000000000000000000000000000000000000000000000000000000000000000000000000000000000000000000000000000
00000000000000000000000000000000000000000000000000000000000000000000000000000000000000000000000000000000000000000000000000000000
00000000000000000000000000000000000000000000000000000000000000000000000000000000000000000000000000000000000000000000000000000000
00000000000000000000000000000000000000000000000000000000000000000000000000000000000000000000000000000000000000000000000000000000
00000000000000000000000000000000000000000000000000000000000000000000000000000000000000000000000000000000000000000000000000000000
00000000000000000000000000000000000000000000000000000000000000000000000000000000000000000000000000000000000000000000000000000000
00000000000000000000000000000000000000000000000000000000000000000000000000000000000000000000000000000000000000000000000000000000
00000000000000000000000000000000000000000000000000000000000000000000000000000000000000000000000000000000000000000000000000000000
00000000000000000000000000000000000000000000000000000000000000000000000000000000000000000000000000000000000000000000000000000000
00000000000000000000000000000000000000000000000000000000000000000000000000000000000000000000000000000000000000000000000000000000
00000000000000000000000000000000000000000000000000000000000000000000000000000000000000000000000000000000000000000000000000000000
00000000000000000000000000000000000000000000000000000000000000000000000000000000000000000000000000000000000000000000000000000000
00000000000000000000000000000000000000000000000000000000000000000000000000000000000000000000000000000000000000000000000000000000
00000000000000000000000000000000000000000000000000000000000000000000000000000000000000000000000000000000000000000000000000000000
00000000000000000000000000000000000000000000000000000000000000000000000000000000000000000000000000000000000000000000000000000000
00000000000000000000000000000000000000000000000000000000000000000000000000000000000000000000000000000000000000000000000000000000
00000000000000000000000000000000000000000000000000000000000000000000000000000000000000000000000000000000000000000000000000000000
00000000000000000000000000000000000000000000000000000000000000000000000000000000000000000000000000000000000000000000000000000000
00000000000000000000000000000000000000000000000000000000000000000000000000000000000000000000000000000000000000000000000000000000
00000000000000000000000000000000000000000000000000000000000000000000000000000000000000000000000000000000000000000000000000000000
00000000000000000000000000000000000000000000000000000000000000000000000000000000000000000000000000000000000000000000000000000000
00000000000000000000000000000000000000000000000000000000000000000000000000000000000000000000000000000000000000000000000000000000
00000000000000000000000000000000000000000000000000000000000000000000000000000000000000000000000000000000000000000000000000000000
00000000000000000000000000000000000000000000000000000000000000000000000000000000000000000000000000000000000000000000000000000000
00000000000000000000000000000000000000000000000000000000000000000000000000000000000000000000000000000000000000000000000000000000
00000000000000000000000000000000000000000000000000000000000000000000000000000000000000000000000000000000000000000000000000000000
00000000000000000000000000000000000000000000000000000000000000000000000000000000000000000000000000000000000000000000000000000000
00000000000000000000000000000000000000000000000000000000000000000000000000000000000000000000000000000000000000000000000000000000
00000000000000000000000000000000000000000000000000000000000000000000000000000000000000000000000000000000000000000000000000000000
00000000000000000000000000000000000000000000000000000000000000000000000000000000000000000000000000000000000000000000000000000000
00000000000000000000000000000000000000000000000000000000000000000000000000000000000000000000000000000000000000000000000000000000
00000000000000000000000000000000000000000000000000000000000000000000000000000000000000000000000000000000000000000000000000000000
00000000000000000000000000000000000000000000000000000000000000000000000000000000000000000000000000000000000000000000000000000000
00000000000000000000000000000000000000000000000000000000000000000000000000000000000000000000000000000000000000000000000000000000
00000000000000000000000000000000000000000000000000000000000000000000000000000000000000000000000000000000000000000000000000000000
00000000000000000000000000000000000000000000000000000000000000000000000000000000000000000000000000000000000000000000000000000000
00000000000000000000000000000000000000000000000000000000000000000000000000000000000000000000000000000000000000000000000000000000
00000000000000000000000000000000000000000000000000000000000000000000000000000000000000000000000000000000000000000000000000000000
00000000000000000000000000000000000000000000000000000000000000000000000000000000000000000000000000000000000000000000000000000000
00000000000000000000000000000000000000000000000000000000000000000000000000000000000000000000000000000000000000000000000000000000
00000000000000000000000000000000000000000000000000000000000000000000000000000000000000000000000000000000000000000000000000000000
00000000000000000000000000000000000000000000000000000000000000000000000000000000000000000000000000000000000000000000000000000000
00000000000000000000000000000000000000000000000000000000000000000000000000000000000000000000000000000000000000000000000000000000
00000000000000000000000000000000000000000000000000000000000000000000000000000000000000000000000000000000000000000000000000000000
00000000000000000000000000000000000000000000000000000000000000000000000000000000000000000000000000000000000000000000000000000000
00000000000000000000000000000000000000000000000000000000000000000000000000000000000000000000000000000000000000000000000000000000
00000000000000000000000000000000000000000000000000000000000000000000000000000000000000000000000000000000000000000000000000000000
00000000000000000000000000000000000000000000000000000000000000000000000000000000000000000000000000000000000000000000000000000000
00000000000000000000000000000000000000000000000000000000000000000000000000000000000000000000000000000000000000000000000000000000
00000000000000000000000000000000000000000000000000000000000000000000000000000000000000000000000000000000000000000000000000000000
00000000000000000000000000000000000000000000000000000000000000000000000000000000000000000000000000000000000000000000000000000000
00000000000000000000000000000000000000000000000000000000000000000000000000000000000000000000000000000000000000000000000000000000
00000000000000000000000000000000000000000000000000000000000000000000000000000000000000000000000000000000000000000000000000000000
00000000000000000000000000000000000000000000000000000000000000000000000000000000000000000000000000000000000000000000000000000000
00000000000000000000000000000000000000000000000000000000000000000000000000000000000000000000000000000000000000000000000000000000
00000000000000000000000000000000000000000000000000000000000000000000000000000000000000000000000000000000000000000000000000000000
00000000000000000000000000000000000000000000000000000000000000000000000000000000000000000000000000000000000000000000000000000000
00000000000000000000000000000000000000000000000000000000000000000000000000000000000000000000000000000000000000000000000000000000
00000000000000000000000000000000000000000000000000000000000000000000000000000000000000000000000000000000000000000000000000000000
00000000000000000000000000000000000000000000000000000000000000000000000000000000000000000000000000000000000000000000000000000000
00000000000000000000000000000000000000000000000000000000000000000000000000000000000000000000000000000000000000000000000000000000
00000000000000000000000000000000000000000000000000000000000000000000000000000000000000000000000000000000000000000000000000000000
00000000000000000000000000000000000000000000000000000000000000000000000000000000000000000000000000000000000000000000000000000000
00000000000000000000000000000000000000000000000000000000000000000000000000000000000000000000000000000000000000000000000000000000
00000000000000000000000000000000000000000000000000000000000000000000000000000000000000000000000000000000000000000000000000000000
00000000000000000000000000000000000000000000000000000000000000000000000000000000000000000000000000000000000000000000000000000000
00000000000000000000000000000000000000000000000000000000000000000000000000000000000000000000000000000000000000000000000000000000
00000000000000000000000000000000000000000000000000000000000000000000000000000000000000000000000000000000000000000000000000000000
00000000000000000000000000000000000000000000000000000000000000000000000000000000000000000000000000000000000000000000000000000000
00000000000000000000000000000000000000000000000000000000000000000000000000000000000000000000000000000000000000000000000000000000
00000000000000000000000000000000000000000000000000000000000000000000000000000000000000000000000000000000000000000000000000000000
00000000000000000000000000000000000000000000000000000000000000000000000000000000000000000000000000000000000000000000000000000000
00000000000000000000000000000000000000000000000000000000000000000000000000000000000000000000000000000000000000000000000000000000
00000000000000000000000000000000000000000000000000000000000000000000000000000000000000000000000000000000000000000000000000000000
00000000000000000000000000000000000000000000000000000000000000000000000000000000000000000000000000000000000000000000000000000000
00000000000000000000000000000000000000000000000000000000000000000000000000000000000000000000000000000000000000000000000000000000
00000000000000000000000000000000000000000000000000000000000000000000000000000000000000000000000000000000000000000000000000000000
00000000000000000000000000000000000000000000000000000000000000000000000000000000000000000000000000000000000000000000000000000000
00000000000000000000000000000000000000000000000000000000000000000000000000000000000000000000000000000000000000000000000000000000
00000000000000000000000000000000000000000000000000000000000000000000000000000000000000000000000000000000000000000000000000000000
00000000000000000000000000000000000000000000000000000000000000000000000000000000000000000000000000000000000000000000000000000000
00000000000000000000000000000000000000000000000000000000000000000000000000000000000000000000000000000000000000000000000000000000
00000000000000000000000000000000000000000000000000000000000000000000000000000000000000000000000000000000000000000000000000000000
00000000000000000000000000000000000000000000000000000000000000000000000000000000000000000000000000000000000000000000000000000000
00000000000000000000000000000000000000000000000000000000000000000000000000000000000000000000000000000000000000000000000000000000
00000000000000000000000000000000000000000000000000000000000000000000000000000000000000000000000000000000000000000000000000000000
00000000000000000000000000000000000000000000000000000000000000000000000000000000000000000000000000000000000000000000000000000000
00000000000000000000000000000000000000000000000000000000000000000000000000000000000000000000000000000000000000000000000000000000
00000000000000000000000000000000000000000000000000000000000000000000000000000000000000000000000000000000000000000000000000000000
00000000000000000000000000000000000000000000000000000000000000000000000000000000000000000000000000000000000000000000000000000000
00000000000000000000000000000000000000000000000000000000000000000000000000000000000000000000000000000000000000000000000000000000
00000000000000000000000000000000000000000000000000000000000000000000000000000000000000000000000000000000000000000000000000000000
00000000000000000000000000000000000000000000000000000000000000000000000000000000000000000000000000000000000000000000000000000000
00000000000000000000000000000000000000000000000000000000000000000000000000000000000000000000000000000000000000000000000000000000
00000000000000000000000000000000000000000000000000000000000000000000000000000000000000000000000000000000000000000000000000000000
00000000000000000000000000000000000000000000000000000000000000000000000000000000000000000000000000000000000000000000000000000000
00000000000000000000000000000000000000000000000000000000000000000000000000000000000000000000000000000000000000000000000000000000
00000000000000000000000000000000000000000000000000000000000000000000000000000000000000000000000000000000000000000000000000000000
00000000000000000000000000000000000000000000000000000000000000000000000000000000000000000000000000000000000000000000000000000000
00000000000000000000000000000000000000000000000000000000000000000000000000000000000000000000000000000000000000000000000000000000
00000000000000000000000000000000000000000000000000000000000000000000000000000000000000000000000000000000000000000000000000000000
00000000000000000000000000000000000000000000000000000000000000000000000000000000000000000000000000000000000000000000000000000000
00000000000000000000000000000000000000000000000000000000000000000000000000000000000000000000000000000000000000000000000000000000
00000000000000000000000000000000000000000000000000000000000000000000000000000000000000000000000000000000000000000000000000000000
00000000000000000000000000000000000000000000000000000000000000000000000000000000000000000000000000000000000000000000000000000000
00000000000000000000000000000000000000000000000000000000000000000000000000000000000000000000000000000000000000000000000000000000
00000000000000000000000000000000000000000000000000000000000000000000000000000000000000000000000000000000000000000000000000000000
00000000000000000000000000000000000000000000000000000000000000000000000000000000000000000000000000000000000000000000000000000000
00000000000000000000000000000000000000000000000000000000000000000000000000000000000000000000000000000000000000000000000000000000
00000000000000000000000000000000000000000000000000000000000000000000000000000000000000000000000000000000000000000000000000000000
00000000000000000000000000000000000000000000000000000000000000000000000000000000000000000000000000000000000000000000000000000000
00000000000000000000000000000000000000000000000000000000000000000000000000000000000000000000000000000000000000000000000000000000
00000000000000000000000000000000000000000000000000000000000000000000000000000000000000000000000000000000000000000000000000000000
00000000000000000000000000000000000000000000000000000000000000000000000000000000000000000000000000000000000000000000000000000000
00000000000000000000000000000000000000000000000000000000000000000000000000000000000000000000000000000000000000000000000000000000
00000000000000000000000000000000000000000000000000000000000000000000000000000000000000000000000000000000000000000000000000000000
00000000000000000000000000000000000000000000000000000000000000000000000000000000000000000000000000000000000000000000000000000000
00000000000000000000000000000000000000000000000000000000000000000000000000000000000000000000000000000000000000000000000000000000
00000000000000000000000000000000000000000000000000000000000000000000000000000000000000000000000000000000000000000000000000000000
00000000000000000000000000000000000000000000000000000000000000000000000000000000000000000000000000000000000000000000000000000000
00000000000000000000000000000000000000000000000000000000000000000000000000000000000000000000000000000000000000000000000000000000
00000000000000000000000000000000000000000000000000000000000000000000000000000000000000000000000000000000000000000000000000000000
00000000000000000000000000000000000000000000000000000000000000000000000000000000000000000000000000000000000000000000000000000000
00000000000000000000000000000000000000000000000000000000000000000000000000000000000000000000000000000000000000000000000000000000
00000000000000000000000000000000000000000000000000000000000000000000000000000000000000000000000000000000000000000000000000000000
00000000000000000000000000000000000000000000000000000000000000000000000000000000000000000000000000000000000000000000000000000000
00000000000000000000000000000000000000000000000000000000000000000000000000000000000000000000000000000000000000000000000000000000
00000000000000000000000000000000000000000000000000000000000000000000000000000000000000000000000000000000000000000000000000000000
00000000000000000000000000000000000000000000000000000000000000000000000000000000000000000000000000000000000000000000000000000000
00000000000000000000000000000000000000000000000000000000000000000000000000000000000000000000000000000000000000000000000000000000
00000000000000000000000000000000000000000000000000000000000000000000000000000000000000000000000000000000000000000000000000000000
00000000000000000000000000000000000000000000000000000000000000000000000000000000000000000000000000000000000000000000000000000000
00000000000000000000000000000000000000000000000000000000000000000000000000000000000000000000000000000000000000000000000000000000
00000000000000000000000000000000000000000000000000000000000000000000000000000000000000000000000000000000000000000000000000000000
00000000000000000000000000000000000000000000000000000000000000000000000000000000000000000000000000000000000000000000000000000000
00000000000000000000000000000000000000000000000000000000000000000000000000000000000000000000000000000000000000000000000000000000
00000000000000000000000000000000000000000000000000000000000000000000000000000000000000000000000000000000000000000000000000000000
00000000000000000000000000000000000000000000000000000000000000000000000000000000000000000000000000000000000000000000000000000000
00000000000000000000000000000000000000000000000000000000000000000000000000000000000000000000000000000000000000000000000000000000
00000000000000000000000000000000000000000000000000000000000000000000000000000000000000000000000000000000000000000000000000000000
00000000000000000000000000000000000000000000000000000000000000000000000000000000000000000000000000000000000000000000000000000000
00000000000000000000000000000000000000000000000000000000000000000000000000000000000000000000000000000000000000000000000000000000
00000000000000000000000000000000000000000000000000000000000000000000000000000000000000000000000000000000000000000000000000000000
00000000000000000000000000000000000000000000000000000000000000000000000000000000000000000000000000000000000000000000000000000000
00000000000000000000000000000000000000000000000000000000000000000000000000000000000000000000000000000000000000000000000000000000
00000000000000000000000000000000000000000000000000000000000000000000000000000000000000000000000000000000000000000000000000000000
00000000000000000000000000000000000000000000000000000000000000000000000000000000000000000000000000000000000000000000000000000000
00000000000000000000000000000000000000000000000000000000000000000000000000000000000000000000000000000000000000000000000000000000
00000000000000000000000000000000000000000000000000000000000000000000000000000000000000000000000000000000000000000000000000000000
00000000000000000000000000000000000000000000000000000000000000000000000000000000000000000000000000000000000000000000000000000000
00000000000000000000000000000000000000000000000000000000000000000000000000000000000000000000000000000000000000000000000000000000
00000000000000000000000000000000000000000000000000000000000000000000000000000000000000000000000000000000000000000000000000000000
00000000000000000000000000000000000000000000000000000000000000000000000000000000000000000000000000000000000000000000000000000000
00000000000000000000000000000000000000000000000000000000000000000000000000000000000000000000000000000000000000000000000000000000
00000000000000000000000000000000000000000000000000000000000000000000000000000000000000000000000000000000000000000000000000000000
00000000000000000000000000000000000000000000000000000000000000000000000000000000000000000000000000000000000000000000000000000000
00000000000000000000000000000000000000000000000000000000000000000000000000000000000000000000000000000000000000000000000000000000
00000000000000000000000000000000000000000000000000000000000000000000000000000000000000000000000000000000000000000000000000000000
00000000000000000000000000000000000000000000000000000000000000000000000000000000000000000000000000000000000000000000000000000000
00000000000000000000000000000000000000000000000000000000000000000000000000000000000000000000000000000000000000000000000000000000
00000000000000000000000000000000000000000000000000000000000000000000000000000000000000000000000000000000000000000000000000000000
00000000000000000000000000000000000000000000000000000000000000000000000000000000000000000000000000000000000000000000000000000000
00000000000000000000000000000000000000000000000000000000000000000000000000000000000000000000000000000000000000000000000000000000
00000000000000000000000000000000000000000000000000000000000000000000000000000000000000000000000000000000000000000000000000000000
00000000000000000000000000000000000000000000000000000000000000000000000000000000000000000000000000000000000000000000000000000000
00000000000000000000000000000000000000000000000000000000000000000000000000000000000000000000000000000000000000000000000000000000
00000000000000000000000000000000000000000000000000000000000000000000000000000000000000000000000000000000000000000000000000000000
00000000000000000000000000000000000000000000000000000000000000000000000000000000000000000000000000000000000000000000000000000000
00000000000000000000000000000000000000000000000000000000000000000000000000000000000000000000000000000000000000000000000000000000
00000000000000000000000000000000000000000000000000000000000000000000000000000000000000000000000000000000000000000000000000000000
00000000000000000000000000000000000000000000000000000000000000000000000000000000000000000000000000000000000000000000000000000000
00000000000000000000000000000000000000000000000000000000000000000000000000000000000000000000000000000000000000000000000000000000
00000000000000000000000000000000000000000000000000000000000000000000000000000000000000000000000000000000000000000000000000000000
00000000000000000000000000000000000000000000000000000000000000000000000000000000000000000000000000000000000000000000000000000000
00000000000000000000000000000000000000000000000000000000000000000000000000000000000000000000000000000000000000000000000000000000
00000000000000000000000000000000000000000000000000000000000000000000000000000000000000000000000000000000000000000000000000000000
00000000000000000000000000000000000000000000000000000000000000000000000000000000000000000000000000000000000000000000000000000000
00000000000000000000000000000000000000000000000000000000000000000000000000000000000000000000000000000000000000000000000000000000
00000000000000000000000000000000000000000000000000000000000000000000000000000000000000000000000000000000000000000000000000000000
00000000000000000000000000000000000000000000000000000000000000000000000000000000000000000000000000000000000000000000000000000000
00000000000000000000000000000000000000000000000000000000000000000000000000000000000000000000000000000000000000000000000000000000
00000000000000000000000000000000000000000000000000000000000000000000000000000000000000000000000000000000000000000000000000000000
00000000000000000000000000000000000000000000000000000000000000000000000000000000000000000000000000000000000000000000000000000000
00000000000000000000000000000000000000000000000000000000000000000000000000000000000000000000000000000000000000000000000000000000
00000000000000000000000000000000000000000000000000000000000000000000000000000000000000000000000000000000000000000000000000000000
00000000000000000000000000000000000000000000000000000000000000000000000000000000000000000000000000000000000000000000000000000000
00000000000000000000000000000000000000000000000000000000000000000000000000000000000000000000000000000000000000000000000000000000
00000000000000000000000000000000000000000000000000000000000000000000000000000000000000000000000000000000000000000000000000000000
00000000000000000000000000000000000000000000000000000000000000000000000000000000000000000000000000000000000000000000000000000000
00000000000000000000000000000000000000000000000000000000000000000000000000000000000000000000000000000000000000000000000000000000
00000000000000000000000000000000000000000000000000000000000000000000000000000000000000000000000000000000000000000000000000000000
00000000000000000000000000000000000000000000000000000000000000000000000000000000000000000000000000000000000000000000000000000000
00000000000000000000000000000000000000000000000000000000000000000000000000000000000000000000000000000000000000000000000000000000
00000000000000000000000000000000000000000000000000000000000000000000000000000000000000000000000000000000000000000000000000000000
00000000000000000000000000000000000000000000000000000000000000000000000000000000000000000000000000000000000000000000000000000000
00000000000000000000000000000000000000000000000000000000000000000000000000000000000000000000000000000000000000000000000000000000
00000000000000000000000000000000000000000000000000000000000000000000000000000000000000000000000000000000000000000000000000000000
00000000000000000000000000000000000000000000000000000000000000000000000000000000000000000000000000000000000000000000000000000000
00000000000000000000000000000000000000000000000000000000000000000000000000000000000000000000000000000000000000000000000000000000
00000000000000000000000000000000000000000000000000000000000000000000000000000000000000000000000000000000000000000000000000000000
00000000000000000000000000000000000000000000000000000000000000000000000000000000000000000000000000000000000000000000000000000000
00000000000000000000000000000000000000000000000000000000000000000000000000000000000000000000000000000000000000000000000000000000
00000000000000000000000000000000000000000000000000000000000000000000000000000000000000000000000000000000000000000000000000000000
00000000000000000000000000000000000000000000000000000000000000000000000000000000000000000000000000000000000000000000000000000000
00000000000000000000000000000000000000000000000000000000000000000000000000000000000000000000000000000000000000000000000000000000
00000000000000000000000000000000000000000000000000000000000000000000000000000000000000000000000000000000000000000000000000000000
00000000000000000000000000000000000000000000000000000000000000000000000000000000000000000000000000000000000000000000000000000000
00000000000000000000000000000000000000000000000000000000000000000000000000000000000000000000000000000000000000000000000000000000
00000000000000000000000000000000000000000000000000000000000000000000000000000000000000000000000000000000000000000000000000000000
00000000000000000000000000000000000000000000000000000000000000000000000000000000000000000000000000000000000000000000000000000000
00000000000000000000000000000000000000000000000000000000000000000000000000000000000000000000000000000000000000000000000000000000
00000000000000000000000000000000000000000000000000000000000000000000000000000000000000000000000000000000000000000000000000000000
00000000000000000000000000000000000000000000000000000000000000000000000000000000000000000000000000000000000000000000000000000000
00000000000000000000000000000000000000000000000000000000000000000000000000000000000000000000000000000000000000000000000000000000
00000000000000000000000000000000000000000000000000000000000000000000000000000000000000000000000000000000000000000000000000000000
00000000000000000000000000000000000000000000000000000000000000000000000000000000000000000000000000000000000000000000000000000000
00000000000000000000000000000000000000000000000000000000000000000000000000000000000000000000000000000000000000000000000000000000
00000000000000000000000000000000000000000000000000000000000000000000000000000000000000000000000000000000000000000000000000000000
00000000000000000000000000000000000000000000000000000000000000000000000000000000000000000000000000000000000000000000000000000000
00000000000000000000000000000000000000000000000000000000000000000000000000000000000000000000000000000000000000000000000000000000
00000000000000000000000000000000000000000000000000000000000000000000000000000000000000000000000000000000000000000000000000000000
00000000000000000000000000000000000000000000000000000000000000000000000000000000000000000000000000000000000000000000000000000000
00000000000000000000000000000000000000000000000000000000000000000000000000000000000000000000000000000000000000000000000000000000
00000000000000000000000000000000000000000000000000000000000000000000000000000000000000000000000000000000000000000000000000000000
00000000000000000000000000000000000000000000000000000000000000000000000000000000000000000000000000000000000000000000000000000000
00000000000000000000000000000000000000000000000000000000000000000000000000000000000000000000000000000000000000000000000000000000
00000000000000000000000000000000000000000000000000000000000000000000000000000000000000000000000000000000000000000000000000000000
00000000000000000000000000000000000000000000000000000000000000000000000000000000000000000000000000000000000000000000000000000000
00000000000000000000000000000000000000000000000000000000000000000000000000000000000000000000000000000000000000000000000000000000
00000000000000000000000000000000000000000000000000000000000000000000000000000000000000000000000000000000000000000000000000000000
00000000000000000000000000000000000000000000000000000000000000000000000000000000000000000000000000000000000000000000000000000000
00000000000000000000000000000000000000000000000000000000000000000000000000000000000000000000000000000000000000000000000000000000
00000000000000000000000000000000000000000000000000000000000000000000000000000000000000000000000000000000000000000000000000000000
00000000000000000000000000000000000000000000000000000000000000000000000000000000000000000000000000000000000000000000000000000000
00000000000000000000000000000000000000000000000000000000000000000000000000000000000000000000000000000000000000000000000000000000
00000000000000000000000000000000000000000000000000000000000000000000000000000000000000000000000000000000000000000000000000000000
00000000000000000000000000000000000000000000000000000000000000000000000000000000000000000000000000000000000000000000000000000000
00000000000000000000000000000000000000000000000000000000000000000000000000000000000000000000000000000000000000000000000000000000
00000000000000000000000000000000000000000000000000000000000000000000000000000000000000000000000000000000000000000000000000000000
00000000000000000000000000000000000000000000000000000000000000000000000000000000000000000000000000000000000000000000000000000000
00000000000000000000000000000000000000000000000000000000000000000000000000000000000000000000000000000000000000000000000000000000
00000000000000000000000000000000000000000000000000000000000000000000000000000000000000000000000000000000000000000000000000000000
00000000000000000000000000000000000000000000000000000000000000000000000000000000000000000000000000000000000000000000000000000000
00000000000000000000000000000000000000000000000000000000000000000000000000000000000000000000000000000000000000000000000000000000
00000000000000000000000000000000000000000000000000000000000000000000000000000000000000000000000000000000000000000000000000000000
00000000000000000000000000000000000000000000000000000000000000000000000000000000000000000000000000000000000000000000000000000000
00000000000000000000000000000000000000000000000000000000000000000000000000000000000000000000000000000000000000000000000000000000
00000000000000000000000000000000000000000000000000000000000000000000000000000000000000000000000000000000000000000000000000000000
00000000000000000000000000000000000000000000000000000000000000000000000000000000000000000000000000000000000000000000000000000000
00000000000000000000000000000000000000000000000000000000000000000000000000000000000000000000000000000000000000000000000000000000
00000000000000000000000000000000000000000000000000000000000000000000000000000000000000000000000000000000000000000000000000000000
00000000000000000000000000000000000000000000000000000000000000000000000000000000000000000000000000000000000000000000000000000000
00000000000000000000000000000000000000000000000000000000000000000000000000000000000000000000000000000000000000000000000000000000
00000000000000000000000000000000000000000000000000000000000000000000000000000000000000000000000000000000000000000000000000000000
00000000000000000000000000000000000000000000000000000000000000000000000000000000000000000000000000000000000000000000000000000000
00000000000000000000000000000000000000000000000000000000000000000000000000000000000000000000000000000000000000000000000000000000
00000000000000000000000000000000000000000000000000000000000000000000000000000000000000000000000000000000000000000000000000000000
00000000000000000000000000000000000000000000000000000000000000000000000000000000000000000000000000000000000000000000000000000000
00000000000000000000000000000000000000000000000000000000000000000000000000000000000000000000000000000000000000000000000000000000
00000000000000000000000000000000000000000000000000000000000000000000000000000000000000000000000000000000000000000000000000000000
00000000000000000000000000000000000000000000000000000000000000000000000000000000000000000000000000000000000000000000000000000000
00000000000000000000000000000000000000000000000000000000000000000000000000000000000000000000000000000000000000000000000000000000
00000000000000000000000000000000000000000000000000000000000000000000000000000000000000000000000000000000000000000000000000000000
00000000000000000000000000000000000000000000000000000000000000000000000000000000000000000000000000000000000000000000000000000000
00000000000000000000000000000000000000000000000000000000000000000000000000000000000000000000000000000000000000000000000000000000
00000000000000000000000000000000000000000000000000000000000000000000000000000000000000000000000000000000000000000000000000000000
00000000000000000000000000000000000000000000000000000000000000000000000000000000000000000000000000000000000000000000000000000000
00000000000000000000000000000000000000000000000000000000000000000000000000000000000000000000000000000000000000000000000000000000
00000000000000000000000000000000000000000000000000000000000000000000000000000000000000000000000000000000000000000000000000000000
00000000000000000000000000000000000000000000000000000000000000000000000000000000000000000000000000000000000000000000000000000000
00000000000000000000000000000000000000000000000000000000000000000000000000000000000000000000000000000000000000000000000000000000
00000000000000000000000000000000000000000000000000000000000000000000000000000000000000000000000000000000000000000000000000000000
00000000000000000000000000000000000000000000000000000000000000000000000000000000000000000000000000000000000000000000000000000000
00000000000000000000000000000000000000000000000000000000000000000000000000000000000000000000000000000000000000000000000000000000
00000000000000000000000000000000000000000000000000000000000000000000000000000000000000000000000000000000000000000000000000000000
00000000000000000000000000000000000000000000000000000000000000000000000000000000000000000000000000000000000000000000000000000000
00000000000000000000000000000000000000000000000000000000000000000000000000000000000000000000000000000000000000000000000000000000
00000000000000000000000000000000000000000000000000000000000000000000000000000000000000000000000000000000000000000000000000000000
00000000000000000000000000000000000000000000000000000000000000000000000000000000000000000000000000000000000000000000000000000000
00000000000000000000000000000000000000000000000000000000000000000000000000000000000000000000000000000000000000000000000000000000
00000000000000000000000000000000000000000000000000000000000000000000000000000000000000000000000000000000000000000000000000000000
00000000000000000000000000000000000000000000000000000000000000000000000000000000000000000000000000000000000000000000000000000000
00000000000000000000000000000000000000000000000000000000000000000000000000000000000000000000000000000000000000000000000000000000
00000000000000000000000000000000000000000000000000000000000000000000000000000000000000000000000000000000000000000000000000000000
00000000000000000000000000000000000000000000000000000000000000000000000000000000000000000000000000000000000000000000000000000000
00000000000000000000000000000000000000000000000000000000000000000000000000000000000000000000000000000000000000000000000000000000
00000000000000000000000000000000000000000000000000000000000000000000000000000000000000000000000000000000000000000000000000000000
00000000000000000000000000000000000000000000000000000000000000000000000000000000000000000000000000000000000000000000000000000000
00000000000000000000000000000000000000000000000000000000000000000000000000000000000000000000000000000000000000000000000000000000
00000000000000000000000000000000000000000000000000000000000000000000000000000000000000000000000000000000000000000000000000000000
00000000000000000000000000000000000000000000000000000000000000000000000000000000000000000000000000000000000000000000000000000000
00000000000000000000000000000000000000000000000000000000000000000000000000000000000000000000000000000000000000000000000000000000
00000000000000000000000000000000000000000000000000000000000000000000000000000000000000000000000000000000000000000000000000000000
00000000000000000000000000000000000000000000000000000000000000000000000000000000000000000000000000000000000000000000000000000000
00000000000000000000000000000000000000000000000000000000000000000000000000000000000000000000000000000000000000000000000000000000
00000000000000000000000000000000000000000000000000000000000000000000000000000000000000000000000000000000000000000000000000000000
00000000000000000000000000000000000000000000000000000000000000000000000000000000000000000000000000000000000000000000000000000000
00000000000000000000000000000000000000000000000000000000000000000000000000000000000000000000000000000000000000000000000000000000
00000000000000000000000000000000000000000000000000000000000000000000000000000000000000000000000000000000000000000000000000000000
00000000000000000000000000000000000000000000000000000000000000000000000000000000000000000000000000000000000000000000000000000000
00000000000000000000000000000000000000000000000000000000000000000000000000000000000000000000000000000000000000000000000000000000
00000000000000000000000000000000000000000000000000000000000000000000000000000000000000000000000000000000000000000000000000000000
00000000000000000000000000000000000000000000000000000000000000000000000000000000000000000000000000000000000000000000000000000000
00000000000000000000000000000000000000000000000000000000000000000000000000000000000000000000000000000000000000000000000000000000
00000000000000000000000000000000000000000000000000000000000000000000000000000000000000000000000000000000000000000000000000000000
00000000000000000000000000000000000000000000000000000000000000000000000000000000000000000000000000000000000000000000000000000000
00000000000000000000000000000000000000000000000000000000000000000000000000000000000000000000000000000000000000000000000000000000
00000000000000000000000000000000000000000000000000000000000000000000000000000000000000000000000000000000000000000000000000000000
00000000000000000000000000000000000000000000000000000000000000000000000000000000000000000000000000000000000000000000000000000000
00000000000000000000000000000000000000000000000000000000000000000000000000000000000000000000000000000000000000000000000000000000
00000000000000000000000000000000000000000000000000000000000000000000000000000000000000000000000000000000000000000000000000000000
00000000000000000000000000000000000000000000000000000000000000000000000000000000000000000000000000000000000000000000000000000000
00000000000000000000000000000000000000000000000000000000000000000000000000000000000000000000000000000000000000000000000000000000
00000000000000000000000000000000000000000000000000000000000000000000000000000000000000000000000000000000000000000000000000000000
00000000000000000000000000000000000000000000000000000000000000000000000000000000000000000000000000000000000000000000000000000000
00000000000000000000000000000000000000000000000000000000000000000000000000000000000000000000000000000000000000000000000000000000
00000000000000000000000000000000000000000000000000000000000000000000000000000000000000000000000000000000000000000000000000000000
00000000000000000000000000000000000000000000000000000000000000000000000000000000000000000000000000000000000000000000000000000000
00000000000000000000000000000000000000000000000000000000000000000000000000000000000000000000000000000000000000000000000000000000
00000000000000000000000000000000000000000000000000000000000000000000000000000000000000000000000000000000000000000000000000000000
00000000000000000000000000000000000000000000000000000000000000000000000000000000000000000000000000000000000000000000000000000000
00000000000000000000000000000000000000000000000000000000000000000000000000000000000000000000000000000000000000000000000000000000
00000000000000000000000000000000000000000000000000000000000000000000000000000000000000000000000000000000000000000000000000000000
00000000000000000000000000000000000000000000000000000000000000000000000000000000000000000000000000000000000000000000000000000000
00000000000000000000000000000000000000000000000000000000000000000000000000000000000000000000000000000000000000000000000000000000
00000000000000000000000000000000000000000000000000000000000000000000000000000000000000000000000000000000000000000000000000000000
00000000000000000000000000000000000000000000000000000000000000000000000000000000000000000000000000000000000000000000000000000000
00000000000000000000000000000000000000000000000000000000000000000000000000000000000000000000000000000000000000000000000000000000
00000000000000000000000000000000000000000000000000000000000000000000000000000000000000000000000000000000000000000000000000000000
00000000000000000000000000000000000000000000000000000000000000000000000000000000000000000000000000000000000000000000000000000000
00000000000000000000000000000000000000000000000000000000000000000000000000000000000000000000000000000000000000000000000000000000
00000000000000000000000000000000000000000000000000000000000000000000000000000000000000000000000000000000000000000000000000000000
00000000000000000000000000000000000000000000000000000000000000000000000000000000000000000000000000000000000000000000000000000000
00000000000000000000000000000000000000000000000000000000000000000000000000000000000000000000000000000000000000000000000000000000
00000000000000000000000000000000000000000000000000000000000000000000000000000000000000000000000000000000000000000000000000000000
00000000000000000000000000000000000000000000000000000000000000000000000000000000000000000000000000000000000000000000000000000000
00000000000000000000000000000000000000000000000000000000000000000000000000000000000000000000000000000000000000000000000000000000
00000000000000000000000000000000000000000000000000000000000000000000000000000000000000000000000000000000000000000000000000000000
00000000000000000000000000000000000000000000000000000000000000000000000000000000000000000000000000000000000000000000000000000000
00000000000000000000000000000000000000000000000000000000000000000000000000000000000000000000000000000000000000000000000000000000
00000000000000000000000000000000000000000000000000000000000000000000000000000000000000000000000000000000000000000000000000000000
00000000000000000000000000000000000000000000000000000000000000000000000000000000000000000000000000000000000000000000000000000000
00000000000000000000000000000000000000000000000000000000000000000000000000000000000000000000000000000000000000000000000000000000
00000000000000000000000000000000000000000000000000000000000000000000000000000000000000000000000000000000000000000000000000000000
00000000000000000000000000000000000000000000000000000000000000000000000000000000000000000000000000000000000000000000000000000000
00000000000000000000000000000000000000000000000000000000000000000000000000000000000000000000000000000000000000000000000000000000
00000000000000000000000000000000000000000000000000000000000000000000000000000000000000000000000000000000000000000000000000000000
00000000000000000000000000000000000000000000000000000000000000000000000000000000000000000000000000000000000000000000000000000000
00000000000000000000000000000000000000000000000000000000000000000000000000000000000000000000000000000000000000000000000000000000
00000000000000000000000000000000000000000000000000000000000000000000000000000000000000000000000000000000000000000000000000000000
00000000000000000000000000000000000000000000000000000000000000000000000000000000000000000000000000000000000000000000000000000000
00000000000000000000000000000000000000000000000000000000000000000000000000000000000000000000000000000000000000000000000000000000
00000000000000000000000000000000000000000000000000000000000000000000000000000000000000000000000000000000000000000000000000000000
00000000000000000000000000000000000000000000000000000000000000000000000000000000000000000000000000000000000000000000000000000000
00000000000000000000000000000000000000000000000000000000000000000000000000000000000000000000000000000000000000000000000000000000
00000000000000000000000000000000000000000000000000000000000000000000000000000000000000000000000000000000000000000000000000000000
00000000000000000000000000000000000000000000000000000000000000000000000000000000000000000000000000000000000000000000000000000000
00000000000000000000000000000000000000000000000000000000000000000000000000000000000000000000000000000000000000000000000000000000
00000000000000000000000000000000000000000000000000000000000000000000000000000000000000000000000000000000000000000000000000000000
00000000000000000000000000000000000000000000000000000000000000000000000000000000000000000000000000000000000000000000000000000000
00000000000000000000000000000000000000000000000000000000000000000000000000000000000000000000000000000000000000000000000000000000
00000000000000000000000000000000000000000000000000000000000000000000000000000000000000000000000000000000000000000000000000000000
00000000000000000000000000000000000000000000000000000000000000000000000000000000000000000000000000000000000000000000000000000000
00000000000000000000000000000000000000000000000000000000000000000000000000000000000000000000000000000000000000000000000000000000
00000000000000000000000000000000000000000000000000000000000000000000000000000000000000000000000000000000000000000000000000000000
00000000000000000000000000000000000000000000000000000000000000000000000000000000000000000000000000000000000000000000000000000000
00000000000000000000000000000000000000000000000000000000000000000000000000000000000000000000000000000000000000000000000000000000
00000000000000000000000000000000000000000000000000000000000000000000000000000000000000000000000000000000000000000000000000000000
00000000000000000000000000000000000000000000000000000000000000000000000000000000000000000000000000000000000000000000000000000000
00000000000000000000000000000000000000000000000000000000000000000000000000000000000000000000000000000000000000000000000000000000
00000000000000000000000000000000000000000000000000000000000000000000000000000000000000000000000000000000000000000000000000000000
00000000000000000000000000000000000000000000000000000000000000000000000000000000000000000000000000000000000000000000000000000000
00000000000000000000000000000000000000000000000000000000000000000000000000000000000000000000000000000000000000000000000000000000
00000000000000000000000000000000000000000000000000000000000000000000000000000000000000000000000000000000000000000000000000000000
00000000000000000000000000000000000000000000000000000000000000000000000000000000000000000000000000000000000000000000000000000000
00000000000000000000000000000000000000000000000000000000000000000000000000000000000000000000000000000000000000000000000000000000
00000000000000000000000000000000000000000000000000000000000000000000000000000000000000000000000000000000000000000000000000000000
00000000000000000000000000000000000000000000000000000000000000000000000000000000000000000000000000000000000000000000000000000000
00000000000000000000000000000000000000000000000000000000000000000000000000000000000000000000000000000000000000000000000000000000
00000000000000000000000000000000000000000000000000000000000000000000000000000000000000000000000000000000000000000000000000000000
00000000000000000000000000000000000000000000000000000000000000000000000000000000000000000000000000000000000000000000000000000000
00000000000000000000000000000000000000000000000000000000000000000000000000000000000000000000000000000000000000000000000000000000
00000000000000000000000000000000000000000000000000000000000000000000000000000000000000000000000000000000000000000000000000000000
00000000000000000000000000000000000000000000000000000000000000000000000000000000000000000000000000000000000000000000000000000000
00000000000000000000000000000000000000000000000000000000000000000000000000000000000000000000000000000000000000000000000000000000
00000000000000000000000000000000000000000000000000000000000000000000000000000000000000000000000000000000000000000000000000000000
00000000000000000000000000000000000000000000000000000000000000000000000000000000000000000000000000000000000000000000000000000000
00000000000000000000000000000000000000000000000000000000000000000000000000000000000000000000000000000000000000000000000000000000
00000000000000000000000000000000000000000000000000000000000000000000000000000000000000000000000000000000000000000000000000000000
00000000000000000000000000000000000000000000000000000000000000000000000000000000000000000000000000000000000000000000000000000000
00000000000000000000000000000000000000000000000000000000000000000000000000000000000000000000000000000000000000000000000000000000
00000000000000000000000000000000000000000000000000000000000000000000000000000000000000000000000000000000000000000000000000000000
00000000000000000000000000000000000000000000000000000000000000000000000000000000000000000000000000000000000000000000000000000000
00000000000000000000000000000000000000000000000000000000000000000000000000000000000000000000000000000000000000000000000000000000
00000000000000000000000000000000000000000000000000000000000000000000000000000000000000000000000000000000000000000000000000000000
00000000000000000000000000000000000000000000000000000000000000000000000000000000000000000000000000000000000000000000000000000000
00000000000000000000000000000000000000000000000000000000000000000000000000000000000000000000000000000000000000000000000000000000
00000000000000000000000000000000000000000000000000000000000000000000000000000000000000000000000000000000000000000000000000000000
00000000000000000000000000000000000000000000000000000000000000000000000000000000000000000000000000000000000000000000000000000000
00000000000000000000000000000000000000000000000000000000000000000000000000000000000000000000000000000000000000000000000000000000
00000000000000000000000000000000000000000000000000000000000000000000000000000000000000000000000000000000000000000000000000000000
00000000000000000000000000000000000000000000000000000000000000000000000000000000000000000000000000000000000000000000000000000000
00000000000000000000000000000000000000000000000000000000000000000000000000000000000000000000000000000000000000000000000000000000
00000000000000000000000000000000000000000000000000000000000000000000000000000000000000000000000000000000000000000000000000000000
00000000000000000000000000000000000000000000000000000000000000000000000000000000000000000000000000000000000000000000000000000000
00000000000000000000000000000000000000000000000000000000000000000000000000000000000000000000000000000000000000000000000000000000
00000000000000000000000000000000000000000000000000000000000000000000000000000000000000000000000000000000000000000000000000000000
00000000000000000000000000000000000000000000000000000000000000000000000000000000000000000000000000000000000000000000000000000000
00000000000000000000000000000000000000000000000000000000000000000000000000000000000000000000000000000000000000000000000000000000
00000000000000000000000000000000000000000000000000000000000000000000000000000000000000000000000000000000000000000000000000000000
00000000000000000000000000000000000000000000000000000000000000000000000000000000000000000000000000000000000000000000000000000000
00000000000000000000000000000000000000000000000000000000000000000000000000000000000000000000000000000000000000000000000000000000
00000000000000000000000000000000000000000000000000000000000000000000000000000000000000000000000000000000000000000000000000000000
00000000000000000000000000000000000000000000000000000000000000000000000000000000000000000000000000000000000000000000000000000000
00000000000000000000000000000000000000000000000000000000000000000000000000000000000000000000000000000000000000000000000000000000
00000000000000000000000000000000000000000000000000000000000000000000000000000000000000000000000000000000000000000000000000000000
00000000000000000000000000000000000000000000000000000000000000000000000000000000000000000000000000000000000000000000000000000000
00000000000000000000000000000000000000000000000000000000000000000000000000000000000000000000000000000000000000000000000000000000
00000000000000000000000000000000000000000000000000000000000000000000000000000000000000000000000000000000000000000000000000000000
00000000000000000000000000000000000000000000000000000000000000000000000000000000000000000000000000000000000000000000000000000000
00000000000000000000000000000000000000000000000000000000000000000000000000000000000000000000000000000000000000000000000000000000
00000000000000000000000000000000000000000000000000000000000000000000000000000000000000000000000000000000000000000000000000000000
00000000000000000000000000000000000000000000000000000000000000000000000000000000000000000000000000000000000000000000000000000000
00000000000000000000000000000000000000000000000000000000000000000000000000000000000000000000000000000000000000000000000000000000
00000000000000000000000000000000000000000000000000000000000000000000000000000000000000000000000000000000000000000000000000000000
00000000000000000000000000000000000000000000000000000000000000000000000000000000000000000000000000000000000000000000000000000000
00000000000000000000000000000000000000000000000000000000000000000000000000000000000000000000000000000000000000000000000000000000
00000000000000000000000000000000000000000000000000000000000000000000000000000000000000000000000000000000000000000000000000000000
00000000000000000000000000000000000000000000000000000000000000000000000000000000000000000000000000000000000000000000000000000000
00000000000000000000000000000000000000000000000000000000000000000000000000000000000000000000000000000000000000000000000000000000
00000000000000000000000000000000000000000000000000000000000000000000000000000000000000000000000000000000000000000000000000000000
00000000000000000000000000000000000000000000000000000000000000000000000000000000000000000000000000000000000000000000000000000000
00000000000000000000000000000000000000000000000000000000000000000000000000000000000000000000000000000000000000000000000000000000
00000000000000000000000000000000000000000000000000000000000000000000000000000000000000000000000000000000000000000000000000000000
00000000000000000000000000000000000000000000000000000000000000000000000000000000000000000000000000000000000000000000000000000000
00000000000000000000000000000000000000000000000000000000000000000000000000000000000000000000000000000000000000000000000000000000
00000000000000000000000000000000000000000000000000000000000000000000000000000000000000000000000000000000000000000000000000000000
00000000000000000000000000000000000000000000000000000000000000000000000000000000000000000000000000000000000000000000000000000000
00000000000000000000000000000000000000000000000000000000000000000000000000000000000000000000000000000000000000000000000000000000
00000000000000000000000000000000000000000000000000000000000000000000000000000000000000000000000000000000000000000000000000000000
00000000000000000000000000000000000000000000000000000000000000000000000000000000000000000000000000000000000000000000000000000000
00000000000000000000000000000000000000000000000000000000000000000000000000000000000000000000000000000000000000000000000000000000
00000000000000000000000000000000000000000000000000000000000000000000000000000000000000000000000000000000000000000000000000000000
00000000000000000000000000000000000000000000000000000000000000000000000000000000000000000000000000000000000000000000000000000000
00000000000000000000000000000000000000000000000000000000000000000000000000000000000000000000000000000000000000000000000000000000
00000000000000000000000000000000000000000000000000000000000000000000000000000000000000000000000000000000000000000000000000000000
00000000000000000000000000000000000000000000000000000000000000000000000000000000000000000000000000000000000000000000000000000000
00000000000000000000000000000000000000000000000000000000000000000000000000000000000000000000000000000000000000000000000000000000
00000000000000000000000000000000000000000000000000000000000000000000000000000000000000000000000000000000000000000000000000000000
00000000000000000000000000000000000000000000000000000000000000000000000000000000000000000000000000000000000000000000000000000000
00000000000000000000000000000000000000000000000000000000000000000000000000000000000000000000000000000000000000000000000000000000
00000000000000000000000000000000000000000000000000000000000000000000000000000000000000000000000000000000000000000000000000000000
00000000000000000000000000000000000000000000000000000000000000000000000000000000000000000000000000000000000000000000000000000000
00000000000000000000000000000000000000000000000000000000000000000000000000000000000000000000000000000000000000000000000000000000
00000000000000000000000000000000000000000000000000000000000000000000000000000000000000000000000000000000000000000000000000000000
00000000000000000000000000000000000000000000000000000000000000000000000000000000000000000000000000000000000000000000000000000000
00000000000000000000000000000000000000000000000000000000000000000000000000000000000000000000000000000000000000000000000000000000
00000000000000000000000000000000000000000000000000000000000000000000000000000000000000000000000000000000000000000000000000000000
00000000000000000000000000000000000000000000000000000000000000000000000000000000000000000000000000000000000000000000000000000000
00000000000000000000000000000000000000000000000000000000000000000000000000000000000000000000000000000000000000000000000000000000
00000000000000000000000000000000000000000000000000000000000000000000000000000000000000000000000000000000000000000000000000000000
00000000000000000000000000000000000000000000000000000000000000000000000000000000000000000000000000000000000000000000000000000000
00000000000000000000000000000000000000000000000000000000000000000000000000000000000000000000000000000000000000000000000000000000
00000000000000000000000000000000000000000000000000000000000000000000000000000000000000000000000000000000000000000000000000000000
00000000000000000000000000000000000000000000000000000000000000000000000000000000000000000000000000000000000000000000000000000000
00000000000000000000000000000000000000000000000000000000000000000000000000000000000000000000000000000000000000000000000000000000
00000000000000000000000000000000000000000000000000000000000000000000000000000000000000000000000000000000000000000000000000000000
00000000000000000000000000000000000000000000000000000000000000000000000000000000000000000000000000000000000000000000000000000000
00000000000000000000000000000000000000000000000000000000000000000000000000000000000000000000000000000000000000000000000000000000
00000000000000000000000000000000000000000000000000000000000000000000000000000000000000000000000000000000000000000000000000000000
00000000000000000000000000000000000000000000000000000000000000000000000000000000000000000000000000000000000000000000000000000000
00000000000000000000000000000000000000000000000000000000000000000000000000000000000000000000000000000000000000000000000000000000
00000000000000000000000000000000000000000000000000000000000000000000000000000000000000000000000000000000000000000000000000000000
00000000000000000000000000000000000000000000000000000000000000000000000000000000000000000000000000000000000000000000000000000000
00000000000000000000000000000000000000000000000000000000000000000000000000000000000000000000000000000000000000000000000000000000
00000000000000000000000000000000000000000000000000000000000000000000000000000000000000000000000000000000000000000000000000000000
00000000000000000000000000000000000000000000000000000000000000000000000000000000000000000000000000000000000000000000000000000000
00000000000000000000000000000000000000000000000000000000000000000000000000000000000000000000000000000000000000000000000000000000
00000000000000000000000000000000000000000000000000000000000000000000000000000000000000000000000000000000000000000000000000000000
00000000000000000000000000000000000000000000000000000000000000000000000000000000000000000000000000000000000000000000000000000000
00000000000000000000000000000000000000000000000000000000000000000000000000000000000000000000000000000000000000000000000000000000
00000000000000000000000000000000000000000000000000000000000000000000000000000000000000000000000000000000000000000000000000000000
00000000000000000000000000000000000000000000000000000000000000000000000000000000000000000000000000000000000000000000000000000000
00000000000000000000000000000000000000000000000000000000000000000000000000000000000000000000000000000000000000000000000000000000
00000000000000000000000000000000000000000000000000000000000000000000000000000000000000000000000000000000000000000000000000000000
00000000000000000000000000000000000000000000000000000000000000000000000000000000000000000000000000000000000000000000000000000000
00000000000000000000000000000000000000000000000000000000000000000000000000000000000000000000000000000000000000000000000000000000
00000000000000000000000000000000000000000000000000000000000000000000000000000000000000000000000000000000000000000000000000000000
00000000000000000000000000000000000000000000000000000000000000000000000000000000000000000000000000000000000000000000000000000000
00000000000000000000000000000000000000000000000000000000000000000000000000000000000000000000000000000000000000000000000000000000
00000000000000000000000000000000000000000000000000000000000000000000000000000000000000000000000000000000000000000000000000000000
00000000000000000000000000000000000000000000000000000000000000000000000000000000000000000000000000000000000000000000000000000000
00000000000000000000000000000000000000000000000000000000000000000000000000000000000000000000000000000000000000000000000000000000
00000000000000000000000000000000000000000000000000000000000000000000000000000000000000000000000000000000000000000000000000000000
00000000000000000000000000000000000000000000000000000000000000000000000000000000000000000000000000000000000000000000000000000000
00000000000000000000000000000000000000000000000000000000000000000000000000000000000000000000000000000000000000000000000000000000
00000000000000000000000000000000000000000000000000000000000000000000000000000000000000000000000000000000000000000000000000000000
00000000000000000000000000000000000000000000000000000000000000000000000000000000000000000000000000000000000000000000000000000000
00000000000000000000000000000000000000000000000000000000000000000000000000000000000000000000000000000000000000000000000000000000
00000000000000000000000000000000000000000000000000000000000000000000000000000000000000000000000000000000000000000000000000000000
00000000000000000000000000000000000000000000000000000000000000000000000000000000000000000000000000000000000000000000000000000000
00000000000000000000000000000000000000000000000000000000000000000000000000000000000000000000000000000000000000000000000000000000
00000000000000000000000000000000000000000000000000000000000000000000000000000000000000000000000000000000000000000000000000000000
00000000000000000000000000000000000000000000000000000000000000000000000000000000000000000000000000000000000000000000000000000000
00000000000000000000000000000000000000000000000000000000000000000000000000000000000000000000000000000000000000000000000000000000
00000000000000000000000000000000000000000000000000000000000000000000000000000000000000000000000000000000000000000000000000000000
00000000000000000000000000000000000000000000000000000000000000000000000000000000000000000000000000000000000000000000000000000000
00000000000000000000000000000000000000000000000000000000000000000000000000000000000000000000000000000000000000000000000000000000
00000000000000000000000000000000000000000000000000000000000000000000000000000000000000000000000000000000000000000000000000000000
00000000000000000000000000000000000000000000000000000000000000000000000000000000000000000000000000000000000000000000000000000000
00000000000000000000000000000000000000000000000000000000000000000000000000000000000000000000000000000000000000000000000000000000
00000000000000000000000000000000000000000000000000000000000000000000000000000000000000000000000000000000000000000000000000000000
00000000000000000000000000000000000000000000000000000000000000000000000000000000000000000000000000000000000000000000000000000000
00000000000000000000000000000000000000000000000000000000000000000000000000000000000000000000000000000000000000000000000000000000
00000000000000000000000000000000000000000000000000000000000000000000000000000000000000000000000000000000000000000000000000000000
00000000000000000000000000000000000000000000000000000000000000000000000000000000000000000000000000000000000000000000000000000000
00000000000000000000000000000000000000000000000000000000000000000000000000000000000000000000000000000000000000000000000000000000
00000000000000000000000000000000000000000000000000000000000000000000000000000000000000000000000000000000000000000000000000000000
00000000000000000000000000000000000000000000000000000000000000000000000000000000000000000000000000000000000000000000000000000000
00000000000000000000000000000000000000000000000000000000000000000000000000000000000000000000000000000000000000000000000000000000
00000000000000000000000000000000000000000000000000000000000000000000000000000000000000000000000000000000000000000000000000000000
00000000000000000000000000000000000000000000000000000000000000000000000000000000000000000000000000000000000000000000000000000000
00000000000000000000000000000000000000000000000000000000000000000000000000000000000000000000000000000000000000000000000000000000
00000000000000000000000000000000000000000000000000000000000000000000000000000000000000000000000000000000000000000000000000000000
00000000000000000000000000000000000000000000000000000000000000000000000000000000000000000000000000000000000000000000000000000000
00000000000000000000000000000000000000000000000000000000000000000000000000000000000000000000000000000000000000000000000000000000
00000000000000000000000000000000000000000000000000000000000000000000000000000000000000000000000000000000000000000000000000000000
00000000000000000000000000000000000000000000000000000000000000000000000000000000000000000000000000000000000000000000000000000000
00000000000000000000000000000000000000000000000000000000000000000000000000000000000000000000000000000000000000000000000000000000
00000000000000000000000000000000000000000000000000000000000000000000000000000000000000000000000000000000000000000000000000000000
00000000000000000000000000000000000000000000000000000000000000000000000000000000000000000000000000000000000000000000000000000000
00000000000000000000000000000000000000000000000000000000000000000000000000000000000000000000000000000000000000000000000000000000
00000000000000000000000000000000000000000000000000000000000000000000000000000000000000000000000000000000000000000000000000000000
00000000000000000000000000000000000000000000000000000000000000000000000000000000000000000000000000000000000000000000000000000000
00000000000000000000000000000000000000000000000000000000000000000000000000000000000000000000000000000000000000000000000000000000
00000000000000000000000000000000000000000000000000000000000000000000000000000000000000000000000000000000000000000000000000000000
00000000000000000000000000000000000000000000000000000000000000000000000000000000000000000000000000000000000000000000000000000000
00000000000000000000000000000000000000000000000000000000000000000000000000000000000000000000000000000000000000000000000000000000
00000000000000000000000000000000000000000000000000000000000000000000000000000000000000000000000000000000000000000000000000000000
00000000000000000000000000000000000000000000000000000000000000000000000000000000000000000000000000000000000000000000000000000000
00000000000000000000000000000000000000000000000000000000000000000000000000000000000000000000000000000000000000000000000000000000
00000000000000000000000000000000000000000000000000000000000000000000000000000000000000000000000000000000000000000000000000000000
00000000000000000000000000000000000000000000000000000000000000000000000000000000000000000000000000000000000000000000000000000000
00000000000000000000000000000000000000000000000000000000000000000000000000000000000000000000000000000000000000000000000000000000
00000000000000000000000000000000000000000000000000000000000000000000000000000000000000000000000000000000000000000000000000000000
00000000000000000000000000000000000000000000000000000000000000000000000000000000000000000000000000000000000000000000000000000000
00000000000000000000000000000000000000000000000000000000000000000000000000000000000000000000000000000000000000000000000000000000
00000000000000000000000000000000000000000000000000000000000000000000000000000000000000000000000000000000000000000000000000000000
00000000000000000000000000000000000000000000000000000000000000000000000000000000000000000000000000000000000000000000000000000000
00000000000000000000000000000000000000000000000000000000000000000000000000000000000000000000000000000000000000000000000000000000
00000000000000000000000000000000000000000000000000000000000000000000000000000000000000000000000000000000000000000000000000000000
00000000000000000000000000000000000000000000000000000000000000000000000000000000000000000000000000000000000000000000000000000000
00000000000000000000000000000000000000000000000000000000000000000000000000000000000000000000000000000000000000000000000000000000
00000000000000000000000000000000000000000000000000000000000000000000000000000000000000000000000000000000000000000000000000000000
00000000000000000000000000000000000000000000000000000000000000000000000000000000000000000000000000000000000000000000000000000000
00000000000000000000000000000000000000000000000000000000000000000000000000000000000000000000000000000000000000000000000000000000
00000000000000000000000000000000000000000000000000000000000000000000000000000000000000000000000000000000000000000000000000000000
00000000000000000000000000000000000000000000000000000000000000000000000000000000000000000000000000000000000000000000000000000000
00000000000000000000000000000000000000000000000000000000000000000000000000000000000000000000000000000000000000000000000000000000
00000000000000000000000000000000000000000000000000000000000000000000000000000000000000000000000000000000000000000000000000000000
00000000000000000000000000000000000000000000000000000000000000000000000000000000000000000000000000000000000000000000000000000000
00000000000000000000000000000000000000000000000000000000000000000000000000000000000000000000000000000000000000000000000000000000
00000000000000000000000000000000000000000000000000000000000000000000000000000000000000000000000000000000000000000000000000000000
00000000000000000000000000000000000000000000000000000000000000000000000000000000000000000000000000000000000000000000000000000000
00000000000000000000000000000000000000000000000000000000000000000000000000000000000000000000000000000000000000000000000000000000
00000000000000000000000000000000000000000000000000000000000000000000000000000000000000000000000000000000000000000000000000000000
00000000000000000000000000000000000000000000000000000000000000000000000000000000000000000000000000000000000000000000000000000000
00000000000000000000000000000000000000000000000000000000000000000000000000000000000000000000000000000000000000000000000000000000
00000000000000000000000000000000000000000000000000000000000000000000000000000000000000000000000000000000000000000000000000000000
00000000000000000000000000000000000000000000000000000000000000000000000000000000000000000000000000000000000000000000000000000000
00000000000000000000000000000000000000000000000000000000000000000000000000000000000000000000000000000000000000000000000000000000
00000000000000000000000000000000000000000000000000000000000000000000000000000000000000000000000000000000000000000000000000000000
00000000000000000000000000000000000000000000000000000000000000000000000000000000000000000000000000000000000000000000000000000000
00000000000000000000000000000000000000000000000000000000000000000000000000000000000000000000000000000000000000000000000000000000
00000000000000000000000000000000000000000000000000000000000000000000000000000000000000000000000000000000000000000000000000000000
00000000000000000000000000000000000000000000000000000000000000000000000000000000000000000000000000000000000000000000000000000000
00000000000000000000000000000000000000000000000000000000000000000000000000000000000000000000000000000000000000000000000000000000
00000000000000000000000000000000000000000000000000000000000000000000000000000000000000000000000000000000000000000000000000000000
00000000000000000000000000000000000000000000000000000000000000000000000000000000000000000000000000000000000000000000000000000000
00000000000000000000000000000000000000000000000000000000000000000000000000000000000000000000000000000000000000000000000000000000
00000000000000000000000000000000000000000000000000000000000000000000000000000000000000000000000000000000000000000000000000000000
00000000000000000000000000000000000000000000000000000000000000000000000000000000000000000000000000000000000000000000000000000000
00000000000000000000000000000000000000000000000000000000000000000000000000000000000000000000000000000000000000000000000000000000
00000000000000000000000000000000000000000000000000000000000000000000000000000000000000000000000000000000000000000000000000000000
00000000000000000000000000000000000000000000000000000000000000000000000000000000000000000000000000000000000000000000000000000000
00000000000000000000000000000000000000000000000000000000000000000000000000000000000000000000000000000000000000000000000000000000
00000000000000000000000000000000000000000000000000000000000000000000000000000000000000000000000000000000000000000000000000000000
00000000000000000000000000000000000000000000000000000000000000000000000000000000000000000000000000000000000000000000000000000000
00000000000000000000000000000000000000000000000000000000000000000000000000000000000000000000000000000000000000000000000000000000
00000000000000000000000000000000000000000000000000000000000000000000000000000000000000000000000000000000000000000000000000000000
00000000000000000000000000000000000000000000000000000000000000000000000000000000000000000000000000000000000000000000000000000000
00000000000000000000000000000000000000000000000000000000000000000000000000000000000000000000000000000000000000000000000000000000
00000000000000000000000000000000000000000000000000000000000000000000000000000000000000000000000000000000000000000000000000000000
00000000000000000000000000000000000000000000000000000000000000000000000000000000000000000000000000000000000000000000000000000000
00000000000000000000000000000000000000000000000000000000000000000000000000000000000000000000000000000000000000000000000000000000
00000000000000000000000000000000000000000000000000000000000000000000000000000000000000000000000000000000000000000000000000000000
00000000000000000000000000000000000000000000000000000000000000000000000000000000000000000000000000000000000000000000000000000000
00000000000000000000000000000000000000000000000000000000000000000000000000000000000000000000000000000000000000000000000000000000
00000000000000000000000000000000000000000000000000000000000000000000000000000000000000000000000000000000000000000000000000000000
00000000000000000000000000000000000000000000000000000000000000000000000000000000000000000000000000000000000000000000000000000000
00000000000000000000000000000000000000000000000000000000000000000000000000000000000000000000000000000000000000000000000000000000
00000000000000000000000000000000000000000000000000000000000000000000000000000000000000000000000000000000000000000000000000000000
00000000000000000000000000000000000000000000000000000000000000000000000000000000000000000000000000000000000000000000000000000000
00000000000000000000000000000000000000000000000000000000000000000000000000000000000000000000000000000000000000000000000000000000
00000000000000000000000000000000000000000000000000000000000000000000000000000000000000000000000000000000000000000000000000000000
00000000000000000000000000000000000000000000000000000000000000000000000000000000000000000000000000000000000000000000000000000000
00000000000000000000000000000000000000000000000000000000000000000000000000000000000000000000000000000000000000000000000000000000
00000000000000000000000000000000000000000000000000000000000000000000000000000000000000000000000000000000000000000000000000000000
00000000000000000000000000000000000000000000000000000000000000000000000000000000000000000000000000000000000000000000000000000000
00000000000000000000000000000000000000000000000000000000000000000000000000000000000000000000000000000000000000000000000000000000
00000000000000000000000000000000000000000000000000000000000000000000000000000000000000000000000000000000000000000000000000000000
00000000000000000000000000000000000000000000000000000000000000000000000000000000000000000000000000000000000000000000000000000000
00000000000000000000000000000000000000000000000000000000000000000000000000000000000000000000000000000000000000000000000000000000
00000000000000000000000000000000000000000000000000000000000000000000000000000000000000000000000000000000000000000000000000000000
00000000000000000000000000000000000000000000000000000000000000000000000000000000000000000000000000000000000000000000000000000000
00000000000000000000000000000000000000000000000000000000000000000000000000000000000000000000000000000000000000000000000000000000
00000000000000000000000000000000000000000000000000000000000000000000000000000000000000000000000000000000000000000000000000000000
00000000000000000000000000000000000000000000000000000000000000000000000000000000000000000000000000000000000000000000000000000000
00000000000000000000000000000000000000000000000000000000000000000000000000000000000000000000000000000000000000000000000000000000
00000000000000000000000000000000000000000000000000000000000000000000000000000000000000000000000000000000000000000000000000000000
00000000000000000000000000000000000000000000000000000000000000000000000000000000000000000000000000000000000000000000000000000000
00000000000000000000000000000000000000000000000000000000000000000000000000000000000000000000000000000000000000000000000000000000
00000000000000000000000000000000000000000000000000000000000000000000000000000000000000000000000000000000000000000000000000000000
00000000000000000000000000000000000000000000000000000000000000000000000000000000000000000000000000000000000000000000000000000000
00000000000000000000000000000000000000000000000000000000000000000000000000000000000000000000000000000000000000000000000000000000
00000000000000000000000000000000000000000000000000000000000000000000000000000000000000000000000000000000000000000000000000000000
00000000000000000000000000000000000000000000000000000000000000000000000000000000000000000000000000000000000000000000000000000000
00000000000000000000000000000000000000000000000000000000000000000000000000000000000000000000000000000000000000000000000000000000
00000000000000000000000000000000000000000000000000000000000000000000000000000000000000000000000000000000000000000000000000000000
00000000000000000000000000000000000000000000000000000000000000000000000000000000000000000000000000000000000000000000000000000000
00000000000000000000000000000000000000000000000000000000000000000000000000000000000000000000000000000000000000000000000000000000
00000000000000000000000000000000000000000000000000000000000000000000000000000000000000000000000000000000000000000000000000000000
00000000000000000000000000000000000000000000000000000000000000000000000000000000000000000000000000000000000000000000000000000000
00000000000000000000000000000000000000000000000000000000000000000000000000000000000000000000000000000000000000000000000000000000
00000000000000000000000000000000000000000000000000000000000000000000000000000000000000000000000000000000000000000000000000000000
00000000000000000000000000000000000000000000000000000000000000000000000000000000000000000000000000000000000000000000000000000000
00000000000000000000000000000000000000000000000000000000000000000000000000000000000000000000000000000000000000000000000000000000
00000000000000000000000000000000000000000000000000000000000000000000000000000000000000000000000000000000000000000000000000000000
00000000000000000000000000000000000000000000000000000000000000000000000000000000000000000000000000000000000000000000000000000000
00000000000000000000000000000000000000000000000000000000000000000000000000000000000000000000000000000000000000000000000000000000
00000000000000000000000000000000000000000000000000000000000000000000000000000000000000000000000000000000000000000000000000000000
00000000000000000000000000000000000000000000000000000000000000000000000000000000000000000000000000000000000000000000000000000000
00000000000000000000000000000000000000000000000000000000000000000000000000000000000000000000000000000000000000000000000000000000
00000000000000000000000000000000000000000000000000000000000000000000000000000000000000000000000000000000000000000000000000000000
00000000000000000000000000000000000000000000000000000000000000000000000000000000000000000000000000000000000000000000000000000000
00000000000000000000000000000000000000000000000000000000000000000000000000000000000000000000000000000000000000000000000000000000
00000000000000000000000000000000000000000000000000000000000000000000000000000000000000000000000000000000000000000000000000000000
00000000000000000000000000000000000000000000000000000000000000000000000000000000000000000000000000000000000000000000000000000000
00000000000000000000000000000000000000000000000000000000000000000000000000000000000000000000000000000000000000000000000000000000
00000000000000000000000000000000000000000000000000000000000000000000000000000000000000000000000000000000000000000000000000000000
00000000000000000000000000000000000000000000000000000000000000000000000000000000000000000000000000000000000000000000000000000000
00000000000000000000000000000000000000000000000000000000000000000000000000000000000000000000000000000000000000000000000000000000
00000000000000000000000000000000000000000000000000000000000000000000000000000000000000000000000000000000000000000000000000000000
00000000000000000000000000000000000000000000000000000000000000000000000000000000000000000000000000000000000000000000000000000000
00000000000000000000000000000000000000000000000000000000000000000000000000000000000000000000000000000000000000000000000000000000
00000000000000000000000000000000000000000000000000000000000000000000000000000000000000000000000000000000000000000000000000000000
00000000000000000000000000000000000000000000000000000000000000000000000000000000000000000000000000000000000000000000000000000000
00000000000000000000000000000000000000000000000000000000000000000000000000000000000000000000000000000000000000000000000000000000
00000000000000000000000000000000000000000000000000000000000000000000000000000000000000000000000000000000000000000000000000000000
00000000000000000000000000000000000000000000000000000000000000000000000000000000000000000000000000000000000000000000000000000000
00000000000000000000000000000000000000000000000000000000000000000000000000000000000000000000000000000000000000000000000000000000
00000000000000000000000000000000000000000000000000000000000000000000000000000000000000000000000000000000000000000000000000000000
00000000000000000000000000000000000000000000000000000000000000000000000000000000000000000000000000000000000000000000000000000000
00000000000000000000000000000000000000000000000000000000000000000000000000000000000000000000000000000000000000000000000000000000
00000000000000000000000000000000000000000000000000000000000000000000000000000000000000000000000000000000000000000000000000000000
00000000000000000000000000000000000000000000000000000000000000000000000000000000000000000000000000000000000000000000000000000000
00000000000000000000000000000000000000000000000000000000000000000000000000000000000000000000000000000000000000000000000000000000
00000000000000000000000000000000000000000000000000000000000000000000000000000000000000000000000000000000000000000000000000000000
00000000000000000000000000000000000000000000000000000000000000000000000000000000000000000000000000000000000000000000000000000000
00000000000000000000000000000000000000000000000000000000000000000000000000000000000000000000000000000000000000000000000000000000
00000000000000000000000000000000000000000000000000000000000000000000000000000000000000000000000000000000000000000000000000000000
00000000000000000000000000000000000000000000000000000000000000000000000000000000000000000000000000000000000000000000000000000000
00000000000000000000000000000000000000000000000000000000000000000000000000000000000000000000000000000000000000000000000000000000
00000000000000000000000000000000000000000000000000000000000000000000000000000000000000000000000000000000000000000000000000000000
00000000000000000000000000000000000000000000000000000000000000000000000000000000000000000000000000000000000000000000000000000000
00000000000000000000000000000000000000000000000000000000000000000000000000000000000000000000000000000000000000000000000000000000
00000000000000000000000000000000000000000000000000000000000000000000000000000000000000000000000000000000000000000000000000000000
00000000000000000000000000000000000000000000000000000000000000000000000000000000000000000000000000000000000000000000000000000000
00000000000000000000000000000000000000000000000000000000000000000000000000000000000000000000000000000000000000000000000000000000
00000000000000000000000000000000000000000000000000000000000000000000000000000000000000000000000000000000000000000000000000000000
00000000000000000000000000000000000000000000000000000000000000000000000000000000000000000000000000000000000000000000000000000000
00000000000000000000000000000000000000000000000000000000000000000000000000000000000000000000000000000000000000000000000000000000
00000000000000000000000000000000000000000000000000000000000000000000000000000000000000000000000000000000000000000000000000000000
00000000000000000000000000000000000000000000000000000000000000000000000000000000000000000000000000000000000000000000000000000000
00000000000000000000000000000000000000000000000000000000000000000000000000000000000000000000000000000000000000000000000000000000
00000000000000000000000000000000000000000000000000000000000000000000000000000000000000000000000000000000000000000000000000000000
00000000000000000000000000000000000000000000000000000000000000000000000000000000000000000000000000000000000000000000000000000000
00000000000000000000000000000000000000000000000000000000000000000000000000000000000000000000000000000000000000000000000000000000
00000000000000000000000000000000000000000000000000000000000000000000000000000000000000000000000000000000000000000000000000000000
00000000000000000000000000000000000000000000000000000000000000000000000000000000000000000000000000000000000000000000000000000000
00000000000000000000000000000000000000000000000000000000000000000000000000000000000000000000000000000000000000000000000000000000
00000000000000000000000000000000000000000000000000000000000000000000000000000000000000000000000000000000000000000000000000000000
00000000000000000000000000000000000000000000000000000000000000000000000000000000000000000000000000000000000000000000000000000000
00000000000000000000000000000000000000000000000000000000000000000000000000000000000000000000000000000000000000000000000000000000
00000000000000000000000000000000000000000000000000000000000000000000000000000000000000000000000000000000000000000000000000000000
00000000000000000000000000000000000000000000000000000000000000000000000000000000000000000000000000000000000000000000000000000000
00000000000000000000000000000000000000000000000000000000000000000000000000000000000000000000000000000000000000000000000000000000
00000000000000000000000000000000000000000000000000000000000000000000000000000000000000000000000000000000000000000000000000000000
00000000000000000000000000000000000000000000000000000000000000000000000000000000000000000000000000000000000000000000000000000000
00000000000000000000000000000000000000000000000000000000000000000000000000000000000000000000000000000000000000000000000000000000
00000000000000000000000000000000000000000000000000000000000000000000000000000000000000000000000000000000000000000000000000000000
00000000000000000000000000000000000000000000000000000000000000000000000000000000000000000000000000000000000000000000000000000000
00000000000000000000000000000000000000000000000000000000000000000000000000000000000000000000000000000000000000000000000000000000
00000000000000000000000000000000000000000000000000000000000000000000000000000000000000000000000000000000000000000000000000000000
00000000000000000000000000000000000000000000000000000000000000000000000000000000000000000000000000000000000000000000000000000000
00000000000000000000000000000000000000000000000000000000000000000000000000000000000000000000000000000000000000000000000000000000
00000000000000000000000000000000000000000000000000000000000000000000000000000000000000000000000000000000000000000000000000000000
00000000000000000000000000000000000000000000000000000000000000000000000000000000000000000000000000000000000000000000000000000000
00000000000000000000000000000000000000000000000000000000000000000000000000000000000000000000000000000000000000000000000000000000
00000000000000000000000000000000000000000000000000000000000000000000000000000000000000000000000000000000000000000000000000000000
00000000000000000000000000000000000000000000000000000000000000000000000000000000000000000000000000000000000000000000000000000000
00000000000000000000000000000000000000000000000000000000000000000000000000000000000000000000000000000000000000000000000000000000
00000000000000000000000000000000000000000000000000000000000000000000000000000000000000000000000000000000000000000000000000000000
00000000000000000000000000000000000000000000000000000000000000000000000000000000000000000000000000000000000000000000000000000000
00000000000000000000000000000000000000000000000000000000000000000000000000000000000000000000000000000000000000000000000000000000
00000000000000000000000000000000000000000000000000000000000000000000000000000000000000000000000000000000000000000000000000000000
00000000000000000000000000000000000000000000000000000000000000000000000000000000000000000000000000000000000000000000000000000000
00000000000000000000000000000000000000000000000000000000000000000000000000000000000000000000000000000000000000000000000000000000
00000000000000000000000000000000000000000000000000000000000000000000000000000000000000000000000000000000000000000000000000000000
00000000000000000000000000000000000000000000000000000000000000000000000000000000000000000000000000000000000000000000000000000000
00000000000000000000000000000000000000000000000000000000000000000000000000000000000000000000000000000000000000000000000000000000
00000000000000000000000000000000000000000000000000000000000000000000000000000000000000000000000000000000000000000000000000000000
00000000000000000000000000000000000000000000000000000000000000000000000000000000000000000000000000000000000000000000000000000000
00000000000000000000000000000000000000000000000000000000000000000000000000000000000000000000000000000000000000000000000000000000
00000000000000000000000000000000000000000000000000000000000000000000000000000000000000000000000000000000000000000000000000000000
00000000000000000000000000000000000000000000000000000000000000000000000000000000000000000000000000000000000000000000000000000000
00000000000000000000000000000000000000000000000000000000000000000000000000000000000000000000000000000000000000000000000000000000
00000000000000000000000000000000000000000000000000000000000000000000000000000000000000000000000000000000000000000000000000000000
00000000000000000000000000000000000000000000000000000000000000000000000000000000000000000000000000000000000000000000000000000000
00000000000000000000000000000000000000000000000000000000000000000000000000000000000000000000000000000000000000000000000000000000
00000000000000000000000000000000000000000000000000000000000000000000000000000000000000000000000000000000000000000000000000000000
00000000000000000000000000000000000000000000000000000000000000000000000000000000000000000000000000000000000000000000000000000000
00000000000000000000000000000000000000000000000000000000000000000000000000000000000000000000000000000000000000000000000000000000
00000000000000000000000000000000000000000000000000000000000000000000000000000000000000000000000000000000000000000000000000000000
00000000000000000000000000000000000000000000000000000000000000000000000000000000000000000000000000000000000000000000000000000000
00000000000000000000000000000000000000000000000000000000000000000000000000000000000000000000000000000000000000000000000000000000
00000000000000000000000000000000000000000000000000000000000000000000000000000000000000000000000000000000000000000000000000000000
00000000000000000000000000000000000000000000000000000000000000000000000000000000000000000000000000000000000000000000000000000000
00000000000000000000000000000000000000000000000000000000000000000000000000000000000000000000000000000000000000000000000000000000
00000000000000000000000000000000000000000000000000000000000000000000000000000000000000000000000000000000000000000000000000000000
00000000000000000000000000000000000000000000000000000000000000000000000000000000000000000000000000000000000000000000000000000000
00000000000000000000000000000000000000000000000000000000000000000000000000000000000000000000000000000000000000000000000000000000
00000000000000000000000000000000000000000000000000000000000000000000000000000000000000000000000000000000000000000000000000000000
00000000000000000000000000000000000000000000000000000000000000000000000000000000000000000000000000000000000000000000000000000000
00000000000000000000000000000000000000000000000000000000000000000000000000000000000000000000000000000000000000000000000000000000
00000000000000000000000000000000000000000000000000000000000000000000000000000000000000000000000000000000000000000000000000000000
00000000000000000000000000000000000000000000000000000000000000000000000000000000000000000000000000000000000000000000000000000000
00000000000000000000000000000000000000000000000000000000000000000000000000000000000000000000000000000000000000000000000000000000
00000000000000000000000000000000000000000000000000000000000000000000000000000000000000000000000000000000000000000000000000000000
00000000000000000000000000000000000000000000000000000000000000000000000000000000000000000000000000000000000000000000000000000000
00000000000000000000000000000000000000000000000000000000000000000000000000000000000000000000000000000000000000000000000000000000
00000000000000000000000000000000000000000000000000000000000000000000000000000000000000000000000000000000000000000000000000000000
00000000000000000000000000000000000000000000000000000000000000000000000000000000000000000000000000000000000000000000000000000000
00000000000000000000000000000000000000000000000000000000000000000000000000000000000000000000000000000000000000000000000000000000
00000000000000000000000000000000000000000000000000000000000000000000000000000000000000000000000000000000000000000000000000000000
00000000000000000000000000000000000000000000000000000000000000000000000000000000000000000000000000000000000000000000000000000000
00000000000000000000000000000000000000000000000000000000000000000000000000000000000000000000000000000000000000000000000000000000
00000000000000000000000000000000000000000000000000000000000000000000000000000000000000000000000000000000000000000000000000000000
00000000000000000000000000000000000000000000000000000000000000000000000000000000000000000000000000000000000000000000000000000000
00000000000000000000000000000000000000000000000000000000000000000000000000000000000000000000000000000000000000000000000000000000
00000000000000000000000000000000000000000000000000000000000000000000000000000000000000000000000000000000000000000000000000000000
00000000000000000000000000000000000000000000000000000000000000000000000000000000000000000000000000000000000000000000000000000000
00000000000000000000000000000000000000000000000000000000000000000000000000000000000000000000000000000000000000000000000000000000
00000000000000000000000000000000000000000000000000000000000000000000000000000000000000000000000000000000000000000000000000000000
00000000000000000000000000000000000000000000000000000000000000000000000000000000000000000000000000000000000000000000000000000000
00000000000000000000000000000000000000000000000000000000000000000000000000000000000000000000000000000000000000000000000000000000
00000000000000000000000000000000000000000000000000000000000000000000000000000000000000000000000000000000000000000000000000000000
00000000000000000000000000000000000000000000000000000000000000000000000000000000000000000000000000000000000000000000000000000000
00000000000000000000000000000000000000000000000000000000000000000000000000000000000000000000000000000000000000000000000000000000
00000000000000000000000000000000000000000000000000000000000000000000000000000000000000000000000000000000000000000000000000000000
00000000000000000000000000000000000000000000000000000000000000000000000000000000000000000000000000000000000000000000000000000000
00000000000000000000000000000000000000000000000000000000000000000000000000000000000000000000000000000000000000000000000000000000
00000000000000000000000000000000000000000000000000000000000000000000000000000000000000000000000000000000000000000000000000000000
00000000000000000000000000000000000000000000000000000000000000000000000000000000000000000000000000000000000000000000000000000000
00000000000000000000000000000000000000000000000000000000000000000000000000000000000000000000000000000000000000000000000000000000
00000000000000000000000000000000000000000000000000000000000000000000000000000000000000000000000000000000000000000000000000000000
00000000000000000000000000000000000000000000000000000000000000000000000000000000000000000000000000000000000000000000000000000000
00000000000000000000000000000000000000000000000000000000000000000000000000000000000000000000000000000000000000000000000000000000
00000000000000000000000000000000000000000000000000000000000000000000000000000000000000000000000000000000000000000000000000000000
00000000000000000000000000000000000000000000000000000000000000000000000000000000000000000000000000000000000000000000000000000000
00000000000000000000000000000000000000000000000000000000000000000000000000000000000000000000000000000000000000000000000000000000
00000000000000000000000000000000000000000000000000000000000000000000000000000000000000000000000000000000000000000000000000000000
00000000000000000000000000000000000000000000000000000000000000000000000000000000000000000000000000000000000000000000000000000000
00000000000000000000000000000000000000000000000000000000000000000000000000000000000000000000000000000000000000000000000000000000
00000000000000000000000000000000000000000000000000000000000000000000000000000000000000000000000000000000000000000000000000000000
00000000000000000000000000000000000000000000000000000000000000000000000000000000000000000000000000000000000000000000000000000000
00000000000000000000000000000000000000000000000000000000000000000000000000000000000000000000000000000000000000000000000000000000
00000000000000000000000000000000000000000000000000000000000000000000000000000000000000000000000000000000000000000000000000000000
00000000000000000000000000000000000000000000000000000000000000000000000000000000000000000000000000000000000000000000000000000000
00000000000000000000000000000000000000000000000000000000000000000000000000000000000000000000000000000000000000000000000000000000
00000000000000000000000000000000000000000000000000000000000000000000000000000000000000000000000000000000000000000000000000000000
00000000000000000000000000000000000000000000000000000000000000000000000000000000000000000000000000000000000000000000000000000000
00000000000000000000000000000000000000000000000000000000000000000000000000000000000000000000000000000000000000000000000000000000
00000000000000000000000000000000000000000000000000000000000000000000000000000000000000000000000000000000000000000000000000000000
00000000000000000000000000000000000000000000000000000000000000000000000000000000000000000000000000000000000000000000000000000000
00000000000000000000000000000000000000000000000000000000000000000000000000000000000000000000000000000000000000000000000000000000
00000000000000000000000000000000000000000000000000000000000000000000000000000000000000000000000000000000000000000000000000000000
00000000000000000000000000000000000000000000000000000000000000000000000000000000000000000000000000000000000000000000000000000000
00000000000000000000000000000000000000000000000000000000000000000000000000000000000000000000000000000000000000000000000000000000
00000000000000000000000000000000000000000000000000000000000000000000000000000000000000000000000000000000000000000000000000000000
00000000000000000000000000000000000000000000000000000000000000000000000000000000000000000000000000000000000000000000000000000000
00000000000000000000000000000000000000000000000000000000000000000000000000000000000000000000000000000000000000000000000000000000
00000000000000000000000000000000000000000000000000000000000000000000000000000000000000000000000000000000000000000000000000000000
00000000000000000000000000000000000000000000000000000000000000000000000000000000000000000000000000000000000000000000000000000000
00000000000000000000000000000000000000000000000000000000000000000000000000000000000000000000000000000000000000000000000000000000
00000000000000000000000000000000000000000000000000000000000000000000000000000000000000000000000000000000000000000000000000000000
00000000000000000000000000000000000000000000000000000000000000000000000000000000000000000000000000000000000000000000000000000000
00000000000000000000000000000000000000000000000000000000000000000000000000000000000000000000000000000000000000000000000000000000
00000000000000000000000000000000000000000000000000000000000000000000000000000000000000000000000000000000000000000000000000000000
00000000000000000000000000000000000000000000000000000000000000000000000000000000000000000000000000000000000000000000000000000000
00000000000000000000000000000000000000000000000000000000000000000000000000000000000000000000000000000000000000000000000000000000
00000000000000000000000000000000000000000000000000000000000000000000000000000000000000000000000000000000000000000000000000000000
00000000000000000000000000000000000000000000000000000000000000000000000000000000000000000000000000000000000000000000000000000000
00000000000000000000000000000000000000000000000000000000000000000000000000000000000000000000000000000000000000000000000000000000
00000000000000000000000000000000000000000000000000000000000000000000000000000000000000000000000000000000000000000000000000000000
00000000000000000000000000000000000000000000000000000000000000000000000000000000000000000000000000000000000000000000000000000000
00000000000000000000000000000000000000000000000000000000000000000000000000000000000000000000000000000000000000000000000000000000
00000000000000000000000000000000000000000000000000000000000000000000000000000000000000000000000000000000000000000000000000000000
00000000000000000000000000000000000000000000000000000000000000000000000000000000000000000000000000000000000000000000000000000000
00000000000000000000000000000000000000000000000000000000000000000000000000000000000000000000000000000000000000000000000000000000
00000000000000000000000000000000000000000000000000000000000000000000000000000000000000000000000000000000000000000000000000000000
00000000000000000000000000000000000000000000000000000000000000000000000000000000000000000000000000000000000000000000000000000000
00000000000000000000000000000000000000000000000000000000000000000000000000000000000000000000000000000000000000000000000000000000
00000000000000000000000000000000000000000000000000000000000000000000000000000000000000000000000000000000000000000000000000000000
00000000000000000000000000000000000000000000000000000000000000000000000000000000000000000000000000000000000000000000000000000000
00000000000000000000000000000000000000000000000000000000000000000000000000000000000000000000000000000000000000000000000000000000
00000000000000000000000000000000000000000000000000000000000000000000000000000000000000000000000000000000000000000000000000000000
00000000000000000000000000000000000000000000000000000000000000000000000000000000000000000000000000000000000000000000000000000000
00000000000000000000000000000000000000000000000000000000000000000000000000000000000000000000000000000000000000000000000000000000
00000000000000000000000000000000000000000000000000000000000000000000000000000000000000000000000000000000000000000000000000000000
00000000000000000000000000000000000000000000000000000000000000000000000000000000000000000000000000000000000000000000000000000000
00000000000000000000000000000000000000000000000000000000000000000000000000000000000000000000000000000000000000000000000000000000
00000000000000000000000000000000000000000000000000000000000000000000000000000000000000000000000000000000000000000000000000000000
00000000000000000000000000000000000000000000000000000000000000000000000000000000000000000000000000000000000000000000000000000000
00000000000000000000000000000000000000000000000000000000000000000000000000000000000000000000000000000000000000000000000000000000
00000000000000000000000000000000000000000000000000000000000000000000000000000000000000000000000000000000000000000000000000000000
00000000000000000000000000000000000000000000000000000000000000000000000000000000000000000000000000000000000000000000000000000000
00000000000000000000000000000000000000000000000000000000000000000000000000000000000000000000000000000000000000000000000000000000
00000000000000000000000000000000000000000000000000000000000000000000000000000000000000000000000000000000000000000000000000000000
00000000000000000000000000000000000000000000000000000000000000000000000000000000000000000000000000000000000000000000000000000000
00000000000000000000000000000000000000000000000000000000000000000000000000000000000000000000000000000000000000000000000000000000
00000000000000000000000000000000000000000000000000000000000000000000000000000000000000000000000000000000000000000000000000000000
00000000000000000000000000000000000000000000000000000000000000000000000000000000000000000000000000000000000000000000000000000000
00000000000000000000000000000000000000000000000000000000000000000000000000000000000000000000000000000000000000000000000000000000
00000000000000000000000000000000000000000000000000000000000000000000000000000000000000000000000000000000000000000000000000000000
00000000000000000000000000000000000000000000000000000000000000000000000000000000000000000000000000000000000000000000000000000000
00000000000000000000000000000000000000000000000000000000000000000000000000000000000000000000000000000000000000000000000000000000
00000000000000000000000000000000000000000000000000000000000000000000000000000000000000000000000000000000000000000000000000000000
00000000000000000000000000000000000000000000000000000000000000000000000000000000000000000000000000000000000000000000000000000000
00000000000000000000000000000000000000000000000000000000000000000000000000000000000000000000000000000000000000000000000000000000
00000000000000000000000000000000000000000000000000000000000000000000000000000000000000000000000000000000000000000000000000000000
00000000000000000000000000000000000000000000000000000000000000000000000000000000000000000000000000000000000000000000000000000000
00000000000000000000000000000000000000000000000000000000000000000000000000000000000000000000000000000000000000000000000000000000
00000000000000000000000000000000000000000000000000000000000000000000000000000000000000000000000000000000000000000000000000000000
00000000000000000000000000000000000000000000000000000000000000000000000000000000000000000000000000000000000000000000000000000000
00000000000000000000000000000000000000000000000000000000000000000000000000000000000000000000000000000000000000000000000000000000
00000000000000000000000000000000000000000000000000000000000000000000000000000000000000000000000000000000000000000000000000000000
00000000000000000000000000000000000000000000000000000000000000000000000000000000000000000000000000000000000000000000000000000000
00000000000000000000000000000000000000000000000000000000000000000000000000000000000000000000000000000000000000000000000000000000
00000000000000000000000000000000000000000000000000000000000000000000000000000000000000000000000000000000000000000000000000000000
00000000000000000000000000000000000000000000000000000000000000000000000000000000000000000000000000000000000000000000000000000000
00000000000000000000000000000000000000000000000000000000000000000000000000000000000000000000000000000000000000000000000000000000
00000000000000000000000000000000000000000000000000000000000000000000000000000000000000000000000000000000000000000000000000000000
00000000000000000000000000000000000000000000000000000000000000000000000000000000000000000000000000000000000000000000000000000000
00000000000000000000000000000000000000000000000000000000000000000000000000000000000000000000000000000000000000000000000000000000
00000000000000000000000000000000000000000000000000000000000000000000000000000000000000000000000000000000000000000000000000000000
00000000000000000000000000000000000000000000000000000000000000000000000000000000000000000000000000000000000000000000000000000000
00000000000000000000000000000000000000000000000000000000000000000000000000000000000000000000000000000000000000000000000000000000
00000000000000000000000000000000000000000000000000000000000000000000000000000000000000000000000000000000000000000000000000000000
00000000000000000000000000000000000000000000000000000000000000000000000000000000000000000000000000000000000000000000000000000000
00000000000000000000000000000000000000000000000000000000000000000000000000000000000000000000000000000000000000000000000000000000
00000000000000000000000000000000000000000000000000000000000000000000000000000000000000000000000000000000000000000000000000000000
00000000000000000000000000000000000000000000000000000000000000000000000000000000000000000000000000000000000000000000000000000000
00000000000000000000000000000000000000000000000000000000000000000000000000000000000000000000000000000000000000000000000000000000
00000000000000000000000000000000000000000000000000000000000000000000000000000000000000000000000000000000000000000000000000000000
00000000000000000000000000000000000000000000000000000000000000000000000000000000000000000000000000000000000000000000000000000000
00000000000000000000000000000000000000000000000000000000000000000000000000000000000000000000000000000000000000000000000000000000
00000000000000000000000000000000000000000000000000000000000000000000000000000000000000000000000000000000000000000000000000000000
00000000000000000000000000000000000000000000000000000000000000000000000000000000000000000000000000000000000000000000000000000000
00000000000000000000000000000000000000000000000000000000000000000000000000000000000000000000000000000000000000000000000000000000
00000000000000000000000000000000000000000000000000000000000000000000000000000000000000000000000000000000000000000000000000000000
00000000000000000000000000000000000000000000000000000000000000000000000000000000000000000000000000000000000000000000000000000000
00000000000000000000000000000000000000000000000000000000000000000000000000000000000000000000000000000000000000000000000000000000
00000000000000000000000000000000000000000000000000000000000000000000000000000000000000000000000000000000000000000000000000000000
00000000000000000000000000000000000000000000000000000000000000000000000000000000000000000000000000000000000000000000000000000000
00000000000000000000000000000000000000000000000000000000000000000000000000000000000000000000000000000000000000000000000000000000
00000000000000000000000000000000000000000000000000000000000000000000000000000000000000000000000000000000000000000000000000000000
00000000000000000000000000000000000000000000000000000000000000000000000000000000000000000000000000000000000000000000000000000000
00000000000000000000000000000000000000000000000000000000000000000000000000000000000000000000000000000000000000000000000000000000
00000000000000000000000000000000000000000000000000000000000000000000000000000000000000000000000000000000000000000000000000000000
00000000000000000000000000000000000000000000000000000000000000000000000000000000000000000000000000000000000000000000000000000000
00000000000000000000000000000000000000000000000000000000000000000000000000000000000000000000000000000000000000000000000000000000
00000000000000000000000000000000000000000000000000000000000000000000000000000000000000000000000000000000000000000000000000000000
00000000000000000000000000000000000000000000000000000000000000000000000000000000000000000000000000000000000000000000000000000000
00000000000000000000000000000000000000000000000000000000000000000000000000000000000000000000000000000000000000000000000000000000
00000000000000000000000000000000000000000000000000000000000000000000000000000000000000000000000000000000000000000000000000000000
00000000000000000000000000000000000000000000000000000000000000000000000000000000000000000000000000000000000000000000000000000000
00000000000000000000000000000000000000000000000000000000000000000000000000000000000000000000000000000000000000000000000000000000
00000000000000000000000000000000000000000000000000000000000000000000000000000000000000000000000000000000000000000000000000000000
00000000000000000000000000000000000000000000000000000000000000000000000000000000000000000000000000000000000000000000000000000000
00000000000000000000000000000000000000000000000000000000000000000000000000000000000000000000000000000000000000000000000000000000
00000000000000000000000000000000000000000000000000000000000000000000000000000000000000000000000000000000000000000000000000000000
00000000000000000000000000000000000000000000000000000000000000000000000000000000000000000000000000000000000000000000000000000000
00000000000000000000000000000000000000000000000000000000000000000000000000000000000000000000000000000000000000000000000000000000
00000000000000000000000000000000000000000000000000000000000000000000000000000000000000000000000000000000000000000000000000000000
00000000000000000000000000000000000000000000000000000000000000000000000000000000000000000000000000000000000000000000000000000000
00000000000000000000000000000000000000000000000000000000000000000000000000000000000000000000000000000000000000000000000000000000
00000000000000000000000000000000000000000000000000000000000000000000000000000000000000000000000000000000000000000000000000000000
00000000000000000000000000000000000000000000000000000000000000000000000000000000000000000000000000000000000000000000000000000000
00000000000000000000000000000000000000000000000000000000000000000000000000000000000000000000000000000000000000000000000000000000
00000000000000000000000000000000000000000000000000000000000000000000000000000000000000000000000000000000000000000000000000000000
00000000000000000000000000000000000000000000000000000000000000000000000000000000000000000000000000000000000000000000000000000000
00000000000000000000000000000000000000000000000000000000000000000000000000000000000000000000000000000000000000000000000000000000
00000000000000000000000000000000000000000000000000000000000000000000000000000000000000000000000000000000000000000000000000000000
00000000000000000000000000000000000000000000000000000000000000000000000000000000000000000000000000000000000000000000000000000000
00000000000000000000000000000000000000000000000000000000000000000000000000000000000000000000000000000000000000000000000000000000
00000000000000000000000000000000000000000000000000000000000000000000000000000000000000000000000000000000000000000000000000000000
00000000000000000000000000000000000000000000000000000000000000000000000000000000000000000000000000000000000000000000000000000000
00000000000000000000000000000000000000000000000000000000000000000000000000000000000000000000000000000000000000000000000000000000
00000000000000000000000000000000000000000000000000000000000000000000000000000000000000000000000000000000000000000000000000000000
00000000000000000000000000000000000000000000000000000000000000000000000000000000000000000000000000000000000000000000000000000000
00000000000000000000000000000000000000000000000000000000000000000000000000000000000000000000000000000000000000000000000000000000
00000000000000000000000000000000000000000000000000000000000000000000000000000000000000000000000000000000000000000000000000000000
00000000000000000000000000000000000000000000000000000000000000000000000000000000000000000000000000000000000000000000000000000000
00000000000000000000000000000000000000000000000000000000000000000000000000000000000000000000000000000000000000000000000000000000
00000000000000000000000000000000000000000000000000000000000000000000000000000000000000000000000000000000000000000000000000000000
00000000000000000000000000000000000000000000000000000000000000000000000000000000000000000000000000000000000000000000000000000000
00000000000000000000000000000000000000000000000000000000000000000000000000000000000000000000000000000000000000000000000000000000
00000000000000000000000000000000000000000000000000000000000000000000000000000000000000000000000000000000000000000000000000000000
00000000000000000000000000000000000000000000000000000000000000000000000000000000000000000000000000000000000000000000000000000000
00000000000000000000000000000000000000000000000000000000000000000000000000000000000000000000000000000000000000000000000000000000
00000000000000000000000000000000000000000000000000000000000000000000000000000000000000000000000000000000000000000000000000000000
00000000000000000000000000000000000000000000000000000000000000000000000000000000000000000000000000000000000000000000000000000000
00000000000000000000000000000000000000000000000000000000000000000000000000000000000000000000000000000000000000000000000000000000
00000000000000000000000000000000000000000000000000000000000000000000000000000000000000000000000000000000000000000000000000000000
00000000000000000000000000000000000000000000000000000000000000000000000000000000000000000000000000000000000000000000000000000000
00000000000000000000000000000000000000000000000000000000000000000000000000000000000000000000000000000000000000000000000000000000
00000000000000000000000000000000000000000000000000000000000000000000000000000000000000000000000000000000000000000000000000000000
00000000000000000000000000000000000000000000000000000000000000000000000000000000000000000000000000000000000000000000000000000000
00000000000000000000000000000000000000000000000000000000000000000000000000000000000000000000000000000000000000000000000000000000
00000000000000000000000000000000000000000000000000000000000000000000000000000000000000000000000000000000000000000000000000000000
00000000000000000000000000000000000000000000000000000000000000000000000000000000000000000000000000000000000000000000000000000000
00000000000000000000000000000000000000000000000000000000000000000000000000000000000000000000000000000000000000000000000000000000
00000000000000000000000000000000000000000000000000000000000000000000000000000000000000000000000000000000000000000000000000000000
00000000000000000000000000000000000000000000000000000000000000000000000000000000000000000000000000000000000000000000000000000000
00000000000000000000000000000000000000000000000000000000000000000000000000000000000000000000000000000000000000000000000000000000
00000000000000000000000000000000000000000000000000000000000000000000000000000000000000000000000000000000000000000000000000000000
00000000000000000000000000000000000000000000000000000000000000000000000000000000000000000000000000000000000000000000000000000000
00000000000000000000000000000000000000000000000000000000000000000000000000000000000000000000000000000000000000000000000000000000
00000000000000000000000000000000000000000000000000000000000000000000000000000000000000000000000000000000000000000000000000000000
00000000000000000000000000000000000000000000000000000000000000000000000000000000000000000000000000000000000000000000000000000000
00000000000000000000000000000000000000000000000000000000000000000000000000000000000000000000000000000000000000000000000000000000
00000000000000000000000000000000000000000000000000000000000000000000000000000000000000000000000000000000000000000000000000000000
00000000000000000000000000000000000000000000000000000000000000000000000000000000000000000000000000000000000000000000000000000000
00000000000000000000000000000000000000000000000000000000000000000000000000000000000000000000000000000000000000000000000000000000
00000000000000000000000000000000000000000000000000000000000000000000000000000000000000000000000000000000000000000000000000000000
00000000000000000000000000000000000000000000000000000000000000000000000000000000000000000000000000000000000000000000000000000000
00000000000000000000000000000000000000000000000000000000000000000000000000000000000000000000000000000000000000000000000000000000
00000000000000000000000000000000000000000000000000000000000000000000000000000000000000000000000000000000000000000000000000000000
00000000000000000000000000000000000000000000000000000000000000000000000000000000000000000000000000000000000000000000000000000000
00000000000000000000000000000000000000000000000000000000000000000000000000000000000000000000000000000000000000000000000000000000
00000000000000000000000000000000000000000000000000000000000000000000000000000000000000000000000000000000000000000000000000000000
00000000000000000000000000000000000000000000000000000000000000000000000000000000000000000000000000000000000000000000000000000000
00000000000000000000000000000000000000000000000000000000000000000000000000000000000000000000000000000000000000000000000000000000
00000000000000000000000000000000000000000000000000000000000000000000000000000000000000000000000000000000000000000000000000000000
00000000000000000000000000000000000000000000000000000000000000000000000000000000000000000000000000000000000000000000000000000000
00000000000000000000000000000000000000000000000000000000000000000000000000000000000000000000000000000000000000000000000000000000
00000000000000000000000000000000000000000000000000000000000000000000000000000000000000000000000000000000000000000000000000000000
00000000000000000000000000000000000000000000000000000000000000000000000000000000000000000000000000000000000000000000000000000000
00000000000000000000000000000000000000000000000000000000000000000000000000000000000000000000000000000000000000000000000000000000
00000000000000000000000000000000000000000000000000000000000000000000000000000000000000000000000000000000000000000000000000000000
00000000000000000000000000000000000000000000000000000000000000000000000000000000000000000000000000000000000000000000000000000000
00000000000000000000000000000000000000000000000000000000000000000000000000000000000000000000000000000000000000000000000000000000
00000000000000000000000000000000000000000000000000000000000000000000000000000000000000000000000000000000000000000000000000000000
00000000000000000000000000000000000000000000000000000000000000000000000000000000000000000000000000000000000000000000000000000000
00000000000000000000000000000000000000000000000000000000000000000000000000000000000000000000000000000000000000000000000000000000
00000000000000000000000000000000000000000000000000000000000000000000000000000000000000000000000000000000000000000000000000000000
00000000000000000000000000000000000000000000000000000000000000000000000000000000000000000000000000000000000000000000000000000000
00000000000000000000000000000000000000000000000000000000000000000000000000000000000000000000000000000000000000000000000000000000
00000000000000000000000000000000000000000000000000000000000000000000000000000000000000000000000000000000000000000000000000000000
00000000000000000000000000000000000000000000000000000000000000000000000000000000000000000000000000000000000000000000000000000000
00000000000000000000000000000000000000000000000000000000000000000000000000000000000000000000000000000000000000000000000000000000
00000000000000000000000000000000000000000000000000000000000000000000000000000000000000000000000000000000000000000000000000000000
00000000000000000000000000000000000000000000000000000000000000000000000000000000000000000000000000000000000000000000000000000000
00000000000000000000000000000000000000000000000000000000000000000000000000000000000000000000000000000000000000000000000000000000
00000000000000000000000000000000000000000000000000000000000000000000000000000000000000000000000000000000000000000000000000000000
00000000000000000000000000000000000000000000000000000000000000000000000000000000000000000000000000000000000000000000000000000000
00000000000000000000000000000000000000000000000000000000000000000000000000000000000000000000000000000000000000000000000000000000
00000000000000000000000000000000000000000000000000000000000000000000000000000000000000000000000000000000000000000000000000000000
00000000000000000000000000000000000000000000000000000000000000000000000000000000000000000000000000000000000000000000000000000000
00000000000000000000000000000000000000000000000000000000000000000000000000000000000000000000000000000000000000000000000000000000
00000000000000000000000000000000000000000000000000000000000000000000000000000000000000000000000000000000000000000000000000000000
00000000000000000000000000000000000000000000000000000000000000000000000000000000000000000000000000000000000000000000000000000000
00000000000000000000000000000000000000000000000000000000000000000000000000000000000000000000000000000000000000000000000000000000
00000000000000000000000000000000000000000000000000000000000000000000000000000000000000000000000000000000000000000000000000000000
00000000000000000000000000000000000000000000000000000000000000000000000000000000000000000000000000000000000000000000000000000000
00000000000000000000000000000000000000000000000000000000000000000000000000000000000000000000000000000000000000000000000000000000
00000000000000000000000000000000000000000000000000000000000000000000000000000000000000000000000000000000000000000000000000000000
00000000000000000000000000000000000000000000000000000000000000000000000000000000000000000000000000000000000000000000000000000000
00000000000000000000000000000000000000000000000000000000000000000000000000000000000000000000000000000000000000000000000000000000
00000000000000000000000000000000000000000000000000000000000000000000000000000000000000000000000000000000000000000000000000000000
00000000000000000000000000000000000000000000000000000000000000000000000000000000000000000000000000000000000000000000000000000000
00000000000000000000000000000000000000000000000000000000000000000000000000000000000000000000000000000000000000000000000000000000
00000000000000000000000000000000000000000000000000000000000000000000000000000000000000000000000000000000000000000000000000000000
00000000000000000000000000000000000000000000000000000000000000000000000000000000000000000000000000000000000000000000000000000000
00000000000000000000000000000000000000000000000000000000000000000000000000000000000000000000000000000000000000000000000000000000
00000000000000000000000000000000000000000000000000000000000000000000000000000000000000000000000000000000000000000000000000000000
00000000000000000000000000000000000000000000000000000000000000000000000000000000000000000000000000000000000000000000000000000000
00000000000000000000000000000000000000000000000000000000000000000000000000000000000000000000000000000000000000000000000000000000
00000000000000000000000000000000000000000000000000000000000000000000000000000000000000000000000000000000000000000000000000000000
00000000000000000000000000000000000000000000000000000000000000000000000000000000000000000000000000000000000000000000000000000000
00000000000000000000000000000000000000000000000000000000000000000000000000000000000000000000000000000000000000000000000000000000
00000000000000000000000000000000000000000000000000000000000000000000000000000000000000000000000000000000000000000000000000000000
00000000000000000000000000000000000000000000000000000000000000000000000000000000000000000000000000000000000000000000000000000000
00000000000000000000000000000000000000000000000000000000000000000000000000000000000000000000000000000000000000000000000000000000
00000000000000000000000000000000000000000000000000000000000000000000000000000000000000000000000000000000000000000000000000000000
00000000000000000000000000000000000000000000000000000000000000000000000000000000000000000000000000000000000000000000000000000000
00000000000000000000000000000000000000000000000000000000000000000000000000000000000000000000000000000000000000000000000000000000
00000000000000000000000000000000000000000000000000000000000000000000000000000000000000000000000000000000000000000000000000000000
00000000000000000000000000000000000000000000000000000000000000000000000000000000000000000000000000000000000000000000000000000000
00000000000000000000000000000000000000000000000000000000000000000000000000000000000000000000000000000000000000000000000000000000
00000000000000000000000000000000000000000000000000000000000000000000000000000000000000000000000000000000000000000000000000000000
00000000000000000000000000000000000000000000000000000000000000000000000000000000000000000000000000000000000000000000000000000000
00000000000000000000000000000000000000000000000000000000000000000000000000000000000000000000000000000000000000000000000000000000
00000000000000000000000000000000000000000000000000000000000000000000000000000000000000000000000000000000000000000000000000000000
00000000000000000000000000000000000000000000000000000000000000000000000000000000000000000000000000000000000000000000000000000000
00000000000000000000000000000000000000000000000000000000000000000000000000000000000000000000000000000000000000000000000000000000
00000000000000000000000000000000000000000000000000000000000000000000000000000000000000000000000000000000000000000000000000000000
00000000000000000000000000000000000000000000000000000000000000000000000000000000000000000000000000000000000000000000000000000000
00000000000000000000000000000000000000000000000000000000000000000000000000000000000000000000000000000000000000000000000000000000
00000000000000000000000000000000000000000000000000000000000000000000000000000000000000000000000000000000000000000000000000000000
00000000000000000000000000000000000000000000000000000000000000000000000000000000000000000000000000000000000000000000000000000000
00000000000000000000000000000000000000000000000000000000000000000000000000000000000000000000000000000000000000000000000000000000
00000000000000000000000000000000000000000000000000000000000000000000000000000000000000000000000000000000000000000000000000000000
00000000000000000000000000000000000000000000000000000000000000000000000000000000000000000000000000000000000000000000000000000000
00000000000000000000000000000000000000000000000000000000000000000000000000000000000000000000000000000000000000000000000000000000
00000000000000000000000000000000000000000000000000000000000000000000000000000000000000000000000000000000000000000000000000000000
00000000000000000000000000000000000000000000000000000000000000000000000000000000000000000000000000000000000000000000000000000000
00000000000000000000000000000000000000000000000000000000000000000000000000000000000000000000000000000000000000000000000000000000
00000000000000000000000000000000000000000000000000000000000000000000000000000000000000000000000000000000000000000000000000000000
00000000000000000000000000000000000000000000000000000000000000000000000000000000000000000000000000000000000000000000000000000000
00000000000000000000000000000000000000000000000000000000000000000000000000000000000000000000000000000000000000000000000000000000
00000000000000000000000000000000000000000000000000000000000000000000000000000000000000000000000000000000000000000000000000000000
00000000000000000000000000000000000000000000000000000000000000000000000000000000000000000000000000000000000000000000000000000000
00000000000000000000000000000000000000000000000000000000000000000000000000000000000000000000000000000000000000000000000000000000
00000000000000000000000000000000000000000000000000000000000000000000000000000000000000000000000000000000000000000000000000000000
00000000000000000000000000000000000000000000000000000000000000000000000000000000000000000000000000000000000000000000000000000000
00000000000000000000000000000000000000000000000000000000000000000000000000000000000000000000000000000000000000000000000000000000
00000000000000000000000000000000000000000000000000000000000000000000000000000000000000000000000000000000000000000000000000000000
00000000000000000000000000000000000000000000000000000000000000000000000000000000000000000000000000000000000000000000000000000000
00000000000000000000000000000000000000000000000000000000000000000000000000000000000000000000000000000000000000000000000000000000
00000000000000000000000000000000000000000000000000000000000000000000000000000000000000000000000000000000000000000000000000000000
00000000000000000000000000000000000000000000000000000000000000000000000000000000000000000000000000000000000000000000000000000000
00000000000000000000000000000000000000000000000000000000000000000000000000000000000000000000000000000000000000000000000000000000
00000000000000000000000000000000000000000000000000000000000000000000000000000000000000000000000000000000000000000000000000000000
00000000000000000000000000000000000000000000000000000000000000000000000000000000000000000000000000000000000000000000000000000000
00000000000000000000000000000000000000000000000000000000000000000000000000000000000000000000000000000000000000000000000000000000
00000000000000000000000000000000000000000000000000000000000000000000000000000000000000000000000000000000000000000000000000000000
00000000000000000000000000000000000000000000000000000000000000000000000000000000000000000000000000000000000000000000000000000000
00000000000000000000000000000000000000000000000000000000000000000000000000000000000000000000000000000000000000000000000000000000
00000000000000000000000000000000000000000000000000000000000000000000000000000000000000000000000000000000000000000000000000000000
00000000000000000000000000000000000000000000000000000000000000000000000000000000000000000000000000000000000000000000000000000000
00000000000000000000000000000000000000000000000000000000000000000000000000000000000000000000000000000000000000000000000000000000
00000000000000000000000000000000000000000000000000000000000000000000000000000000000000000000000000000000000000000000000000000000
00000000000000000000000000000000000000000000000000000000000000000000000000000000000000000000000000000000000000000000000000000000
00000000000000000000000000000000000000000000000000000000000000000000000000000000000000000000000000000000000000000000000000000000
00000000000000000000000000000000000000000000000000000000000000000000000000000000000000000000000000000000000000000000000000000000
00000000000000000000000000000000000000000000000000000000000000000000000000000000000000000000000000000000000000000000000000000000
00000000000000000000000000000000000000000000000000000000000000000000000000000000000000000000000000000000000000000000000000000000
00000000000000000000000000000000000000000000000000000000000000000000000000000000000000000000000000000000000000000000000000000000
00000000000000000000000000000000000000000000000000000000000000000000000000000000000000000000000000000000000000000000000000000000
00000000000000000000000000000000000000000000000000000000000000000000000000000000000000000000000000000000000000000000000000000000
00000000000000000000000000000000000000000000000000000000000000000000000000000000000000000000000000000000000000000000000000000000
00000000000000000000000000000000000000000000000000000000000000000000000000000000000000000000000000000000000000000000000000000000
00000000000000000000000000000000000000000000000000000000000000000000000000000000000000000000000000000000000000000000000000000000
00000000000000000000000000000000000000000000000000000000000000000000000000000000000000000000000000000000000000000000000000000000
00000000000000000000000000000000000000000000000000000000000000000000000000000000000000000000000000000000000000000000000000000000
00000000000000000000000000000000000000000000000000000000000000000000000000000000000000000000000000000000000000000000000000000000
00000000000000000000000000000000000000000000000000000000000000000000000000000000000000000000000000000000000000000000000000000000
00000000000000000000000000000000000000000000000000000000000000000000000000000000000000000000000000000000000000000000000000000000
00000000000000000000000000000000000000000000000000000000000000000000000000000000000000000000000000000000000000000000000000000000
00000000000000000000000000000000000000000000000000000000000000000000000000000000000000000000000000000000000000000000000000000000
00000000000000000000000000000000000000000000000000000000000000000000000000000000000000000000000000000000000000000000000000000000
00000000000000000000000000000000000000000000000000000000000000000000000000000000000000000000000000000000000000000000000000000000
00000000000000000000000000000000000000000000000000000000000000000000000000000000000000000000000000000000000000000000000000000000
00000000000000000000000000000000000000000000000000000000000000000000000000000000000000000000000000000000000000000000000000000000
00000000000000000000000000000000000000000000000000000000000000000000000000000000000000000000000000000000000000000000000000000000
00000000000000000000000000000000000000000000000000000000000000000000000000000000000000000000000000000000000000000000000000000000
00000000000000000000000000000000000000000000000000000000000000000000000000000000000000000000000000000000000000000000000000000000
00000000000000000000000000000000000000000000000000000000000000000000000000000000000000000000000000000000000000000000000000000000
00000000000000000000000000000000000000000000000000000000000000000000000000000000000000000000000000000000000000000000000000000000
00000000000000000000000000000000000000000000000000000000000000000000000000000000000000000000000000000000000000000000000000000000
00000000000000000000000000000000000000000000000000000000000000000000000000000000000000000000000000000000000000000000000000000000
00000000000000000000000000000000000000000000000000000000000000000000000000000000000000000000000000000000000000000000000000000000
00000000000000000000000000000000000000000000000000000000000000000000000000000000000000000000000000000000000000000000000000000000
00000000000000000000000000000000000000000000000000000000000000000000000000000000000000000000000000000000000000000000000000000000
00000000000000000000000000000000000000000000000000000000000000000000000000000000000000000000000000000000000000000000000000000000
00000000000000000000000000000000000000000000000000000000000000000000000000000000000000000000000000000000000000000000000000000000
00000000000000000000000000000000000000000000000000000000000000000000000000000000000000000000000000000000000000000000000000000000
00000000000000000000000000000000000000000000000000000000000000000000000000000000000000000000000000000000000000000000000000000000
00000000000000000000000000000000000000000000000000000000000000000000000000000000000000000000000000000000000000000000000000000000
00000000000000000000000000000000000000000000000000000000000000000000000000000000000000000000000000000000000000000000000000000000
00000000000000000000000000000000000000000000000000000000000000000000000000000000000000000000000000000000000000000000000000000000
00000000000000000000000000000000000000000000000000000000000000000000000000000000000000000000000000000000000000000000000000000000
00000000000000000000000000000000000000000000000000000000000000000000000000000000000000000000000000000000000000000000000000000000
00000000000000000000000000000000000000000000000000000000000000000000000000000000000000000000000000000000000000000000000000000000
00000000000000000000000000000000000000000000000000000000000000000000000000000000000000000000000000000000000000000000000000000000
00000000000000000000000000000000000000000000000000000000000000000000000000000000000000000000000000000000000000000000000000000000
00000000000000000000000000000000000000000000000000000000000000000000000000000000000000000000000000000000000000000000000000000000
00000000000000000000000000000000000000000000000000000000000000000000000000000000000000000000000000000000000000000000000000000000
00000000000000000000000000000000000000000000000000000000000000000000000000000000000000000000000000000000000000000000000000000000
00000000000000000000000000000000000000000000000000000000000000000000000000000000000000000000000000000000000000000000000000000000
00000000000000000000000000000000000000000000000000000000000000000000000000000000000000000000000000000000000000000000000000000000
00000000000000000000000000000000000000000000000000000000000000000000000000000000000000000000000000000000000000000000000000000000
00000000000000000000000000000000000000000000000000000000000000000000000000000000000000000000000000000000000000000000000000000000
00000000000000000000000000000000000000000000000000000000000000000000000000000000000000000000000000000000000000000000000000000000
00000000000000000000000000000000000000000000000000000000000000000000000000000000000000000000000000000000000000000000000000000000
00000000000000000000000000000000000000000000000000000000000000000000000000000000000000000000000000000000000000000000000000000000
00000000000000000000000000000000000000000000000000000000000000000000000000000000000000000000000000000000000000000000000000000000
00000000000000000000000000000000000000000000000000000000000000000000000000000000000000000000000000000000000000000000000000000000
00000000000000000000000000000000000000000000000000000000000000000000000000000000000000000000000000000000000000000000000000000000
00000000000000000000000000000000000000000000000000000000000000000000000000000000000000000000000000000000000000000000000000000000
00000000000000000000000000000000000000000000000000000000000000000000000000000000000000000000000000000000000000000000000000000000
00000000000000000000000000000000000000000000000000000000000000000000000000000000000000000000000000000000000000000000000000000000
00000000000000000000000000000000000000000000000000000000000000000000000000000000000000000000000000000000000000000000000000000000
00000000000000000000000000000000000000000000000000000000000000000000000000000000000000000000000000000000000000000000000000000000
00000000000000000000000000000000000000000000000000000000000000000000000000000000000000000000000000000000000000000000000000000000
00000000000000000000000000000000000000000000000000000000000000000000000000000000000000000000000000000000000000000000000000000000
00000000000000000000000000000000000000000000000000000000000000000000000000000000000000000000000000000000000000000000000000000000
00000000000000000000000000000000000000000000000000000000000000000000000000000000000000000000000000000000000000000000000000000000
00000000000000000000000000000000000000000000000000000000000000000000000000000000000000000000000000000000000000000000000000000000
00000000000000000000000000000000000000000000000000000000000000000000000000000000000000000000000000000000000000000000000000000000
00000000000000000000000000000000000000000000000000000000000000000000000000000000000000000000000000000000000000000000000000000000
00000000000000000000000000000000000000000000000000000000000000000000000000000000000000000000000000000000000000000000000000000000
00000000000000000000000000000000000000000000000000000000000000000000000000000000000000000000000000000000000000000000000000000000
00000000000000000000000000000000000000000000000000000000000000000000000000000000000000000000000000000000000000000000000000000000
00000000000000000000000000000000000000000000000000000000000000000000000000000000000000000000000000000000000000000000000000000000
00000000000000000000000000000000000000000000000000000000000000000000000000000000000000000000000000000000000000000000000000000000
00000000000000000000000000000000000000000000000000000000000000000000000000000000000000000000000000000000000000000000000000000000
00000000000000000000000000000000000000000000000000000000000000000000000000000000000000000000000000000000000000000000000000000000
00000000000000000000000000000000000000000000000000000000000000000000000000000000000000000000000000000000000000000000000000000000
00000000000000000000000000000000000000000000000000000000000000000000000000000000000000000000000000000000000000000000000000000000
00000000000000000000000000000000000000000000000000000000000000000000000000000000000000000000000000000000000000000000000000000000
00000000000000000000000000000000000000000000000000000000000000000000000000000000000000000000000000000000000000000000000000000000
00000000000000000000000000000000000000000000000000000000000000000000000000000000000000000000000000000000000000000000000000000000
00000000000000000000000000000000000000000000000000000000000000000000000000000000000000000000000000000000000000000000000000000000
00000000000000000000000000000000000000000000000000000000000000000000000000000000000000000000000000000000000000000000000000000000
00000000000000000000000000000000000000000000000000000000000000000000000000000000000000000000000000000000000000000000000000000000
00000000000000000000000000000000000000000000000000000000000000000000000000000000000000000000000000000000000000000000000000000000
00000000000000000000000000000000000000000000000000000000000000000000000000000000000000000000000000000000000000000000000000000000
00000000000000000000000000000000000000000000000000000000000000000000000000000000000000000000000000000000000000000000000000000000
00000000000000000000000000000000000000000000000000000000000000000000000000000000000000000000000000000000000000000000000000000000
00000000000000000000000000000000000000000000000000000000000000000000000000000000000000000000000000000000000000000000000000000000
00000000000000000000000000000000000000000000000000000000000000000000000000000000000000000000000000000000000000000000000000000000
00000000000000000000000000000000000000000000000000000000000000000000000000000000000000000000000000000000000000000000000000000000
00000000000000000000000000000000000000000000000000000000000000000000000000000000000000000000000000000000000000000000000000000000
00000000000000000000000000000000000000000000000000000000000000000000000000000000000000000000000000000000000000000000000000000000
00000000000000000000000000000000000000000000000000000000000000000000000000000000000000000000000000000000000000000000000000000000
00000000000000000000000000000000000000000000000000000000000000000000000000000000000000000000000000000000000000000000000000000000
00000000000000000000000000000000000000000000000000000000000000000000000000000000000000000000000000000000000000000000000000000000
00000000000000000000000000000000000000000000000000000000000000000000000000000000000000000000000000000000000000000000000000000000
00000000000000000000000000000000000000000000000000000000000000000000000000000000000000000000000000000000000000000000000000000000
00000000000000000000000000000000000000000000000000000000000000000000000000000000000000000000000000000000000000000000000000000000
00000000000000000000000000000000000000000000000000000000000000000000000000000000000000000000000000000000000000000000000000000000
00000000000000000000000000000000000000000000000000000000000000000000000000000000000000000000000000000000000000000000000000000000
00000000000000000000000000000000000000000000000000000000000000000000000000000000000000000000000000000000000000000000000000000000
00000000000000000000000000000000000000000000000000000000000000000000000000000000000000000000000000000000000000000000000000000000
00000000000000000000000000000000000000000000000000000000000000000000000000000000000000000000000000000000000000000000000000000000
00000000000000000000000000000000000000000000000000000000000000000000000000000000000000000000000000000000000000000000000000000000
00000000000000000000000000000000000000000000000000000000000000000000000000000000000000000000000000000000000000000000000000000000
00000000000000000000000000000000000000000000000000000000000000000000000000000000000000000000000000000000000000000000000000000000
00000000000000000000000000000000000000000000000000000000000000000000000000000000000000000000000000000000000000000000000000000000
00000000000000000000000000000000000000000000000000000000000000000000000000000000000000000000000000000000000000000000000000000000
00000000000000000000000000000000000000000000000000000000000000000000000000000000000000000000000000000000000000000000000000000000
00000000000000000000000000000000000000000000000000000000000000000000000000000000000000000000000000000000000000000000000000000000
00000000000000000000000000000000000000000000000000000000000000000000000000000000000000000000000000000000000000000000000000000000
00000000000000000000000000000000000000000000000000000000000000000000000000000000000000000000000000000000000000000000000000000000
00000000000000000000000000000000000000000000000000000000000000000000000000000000000000000000000000000000000000000000000000000000
00000000000000000000000000000000000000000000000000000000000000000000000000000000000000000000000000000000000000000000000000000000
00000000000000000000000000000000000000000000000000000000000000000000000000000000000000000000000000000000000000000000000000000000
00000000000000000000000000000000000000000000000000000000000000000000000000000000000000000000000000000000000000000000000000000000
00000000000000000000000000000000000000000000000000000000000000000000000000000000000000000000000000000000000000000000000000000000
00000000000000000000000000000000000000000000000000000000000000000000000000000000000000000000000000000000000000000000000000000000
00000000000000000000000000000000000000000000000000000000000000000000000000000000000000000000000000000000000000000000000000000000
00000000000000000000000000000000000000000000000000000000000000000000000000000000000000000000000000000000000000000000000000000000
00000000000000000000000000000000000000000000000000000000000000000000000000000000000000000000000000000000000000000000000000000000
00000000000000000000000000000000000000000000000000000000000000000000000000000000000000000000000000000000000000000000000000000000
00000000000000000000000000000000000000000000000000000000000000000000000000000000000000000000000000000000000000000000000000000000
00000000000000000000000000000000000000000000000000000000000000000000000000000000000000000000000000000000000000000000000000000000
00000000000000000000000000000000000000000000000000000000000000000000000000000000000000000000000000000000000000000000000000000000
00000000000000000000000000000000000000000000000000000000000000000000000000000000000000000000000000000000000000000000000000000000
00000000000000000000000000000000000000000000000000000000000000000000000000000000000000000000000000000000000000000000000000000000
00000000000000000000000000000000000000000000000000000000000000000000000000000000000000000000000000000000000000000000000000000000
00000000000000000000000000000000000000000000000000000000000000000000000000000000000000000000000000000000000000000000000000000000
00000000000000000000000000000000000000000000000000000000000000000000000000000000000000000000000000000000000000000000000000000000
00000000000000000000000000000000000000000000000000000000000000000000000000000000000000000000000000000000000000000000000000000000
00000000000000000000000000000000000000000000000000000000000000000000000000000000000000000000000000000000000000000000000000000000
00000000000000000000000000000000000000000000000000000000000000000000000000000000000000000000000000000000000000000000000000000000
00000000000000000000000000000000000000000000000000000000000000000000000000000000000000000000000000000000000000000000000000000000
00000000000000000000000000000000000000000000000000000000000000000000000000000000000000000000000000000000000000000000000000000000
00000000000000000000000000000000000000000000000000000000000000000000000000000000000000000000000000000000000000000000000000000000
00000000000000000000000000000000000000000000000000000000000000000000000000000000000000000000000000000000000000000000000000000000
00000000000000000000000000000000000000000000000000000000000000000000000000000000000000000000000000000000000000000000000000000000
00000000000000000000000000000000000000000000000000000000000000000000000000000000000000000000000000000000000000000000000000000000
00000000000000000000000000000000000000000000000000000000000000000000000000000000000000000000000000000000000000000000000000000000
00000000000000000000000000000000000000000000000000000000000000000000000000000000000000000000000000000000000000000000000000000000
00000000000000000000000000000000000000000000000000000000000000000000000000000000000000000000000000000000000000000000000000000000
00000000000000000000000000000000000000000000000000000000000000000000000000000000000000000000000000000000000000000000000000000000
00000000000000000000000000000000000000000000000000000000000000000000000000000000000000000000000000000000000000000000000000000000
00000000000000000000000000000000000000000000000000000000000000000000000000000000000000000000000000000000000000000000000000000000
00000000000000000000000000000000000000000000000000000000000000000000000000000000000000000000000000000000000000000000000000000000
00000000000000000000000000000000000000000000000000000000000000000000000000000000000000000000000000000000000000000000000000000000
00000000000000000000000000000000000000000000000000000000000000000000000000000000000000000000000000000000000000000000000000000000
00000000000000000000000000000000000000000000000000000000000000000000000000000000000000000000000000000000000000000000000000000000
00000000000000000000000000000000000000000000000000000000000000000000000000000000000000000000000000000000000000000000000000000000
00000000000000000000000000000000000000000000000000000000000000000000000000000000000000000000000000000000000000000000000000000000
00000000000000000000000000000000000000000000000000000000000000000000000000000000000000000000000000000000000000000000000000000000
00000000000000000000000000000000000000000000000000000000000000000000000000000000000000000000000000000000000000000000000000000000
00000000000000000000000000000000000000000000000000000000000000000000000000000000000000000000000000000000000000000000000000000000
00000000000000000000000000000000000000000000000000000000000000000000000000000000000000000000000000000000000000000000000000000000
00000000000000000000000000000000000000000000000000000000000000000000000000000000000000000000000000000000000000000000000000000000
00000000000000000000000000000000000000000000000000000000000000000000000000000000000000000000000000000000000000000000000000000000
00000000000000000000000000000000000000000000000000000000000000000000000000000000000000000000000000000000000000000000000000000000
00000000000000000000000000000000000000000000000000000000000000000000000000000000000000000000000000000000000000000000000000000000
00000000000000000000000000000000000000000000000000000000000000000000000000000000000000000000000000000000000000000000000000000000
00000000000000000000000000000000000000000000000000000000000000000000000000000000000000000000000000000000000000000000000000000000
00000000000000000000000000000000000000000000000000000000000000000000000000000000000000000000000000000000000000000000000000000000
00000000000000000000000000000000000000000000000000000000000000000000000000000000000000000000000000000000000000000000000000000000
00000000000000000000000000000000000000000000000000000000000000000000000000000000000000000000000000000000000000000000000000000000
00000000000000000000000000000000000000000000000000000000000000000000000000000000000000000000000000000000000000000000000000000000
00000000000000000000000000000000000000000000000000000000000000000000000000000000000000000000000000000000000000000000000000000000
00000000000000000000000000000000000000000000000000000000000000000000000000000000000000000000000000000000000000000000000000000000
00000000000000000000000000000000000000000000000000000000000000000000000000000000000000000000000000000000000000000000000000000000
00000000000000000000000000000000000000000000000000000000000000000000000000000000000000000000000000000000000000000000000000000000
00000000000000000000000000000000000000000000000000000000000000000000000000000000000000000000000000000000000000000000000000000000
00000000000000000000000000000000000000000000000000000000000000000000000000000000000000000000000000000000000000000000000000000000
00000000000000000000000000000000000000000000000000000000000000000000000000000000000000000000000000000000000000000000000000000000
00000000000000000000000000000000000000000000000000000000000000000000000000000000000000000000000000000000000000000000000000000000
00000000000000000000000000000000000000000000000000000000000000000000000000000000000000000000000000000000000000000000000000000000
00000000000000000000000000000000000000000000000000000000000000000000000000000000000000000000000000000000000000000000000000000000
00000000000000000000000000000000000000000000000000000000000000000000000000000000000000000000000000000000000000000000000000000000
00000000000000000000000000000000000000000000000000000000000000000000000000000000000000000000000000000000000000000000000000000000
00000000000000000000000000000000000000000000000000000000000000000000000000000000000000000000000000000000000000000000000000000000
00000000000000000000000000000000000000000000000000000000000000000000000000000000000000000000000000000000000000000000000000000000
00000000000000000000000000000000000000000000000000000000000000000000000000000000000000000000000000000000000000000000000000000000
00000000000000000000000000000000000000000000000000000000000000000000000000000000000000000000000000000000000000000000000000000000
00000000000000000000000000000000000000000000000000000000000000000000000000000000000000000000000000000000000000000000000000000000
00000000000000000000000000000000000000000000000000000000000000000000000000000000000000000000000000000000000000000000000000000000
00000000000000000000000000000000000000000000000000000000000000000000000000000000000000000000000000000000000000000000000000000000
00000000000000000000000000000000000000000000000000000000000000000000000000000000000000000000000000000000000000000000000000000000
00000000000000000000000000000000000000000000000000000000000000000000000000000000000000000000000000000000000000000000000000000000
00000000000000000000000000000000000000000000000000000000000000000000000000000000000000000000000000000000000000000000000000000000
00000000000000000000000000000000000000000000000000000000000000000000000000000000000000000000000000000000000000000000000000000000
00000000000000000000000000000000000000000000000000000000000000000000000000000000000000000000000000000000000000000000000000000000
00000000000000000000000000000000000000000000000000000000000000000000000000000000000000000000000000000000000000000000000000000000
00000000000000000000000000000000000000000000000000000000000000000000000000000000000000000000000000000000000000000000000000000000
00000000000000000000000000000000000000000000000000000000000000000000000000000000000000000000000000000000000000000000000000000000
00000000000000000000000000000000000000000000000000000000000000000000000000000000000000000000000000000000000000000000000000000000
00000000000000000000000000000000000000000000000000000000000000000000000000000000000000000000000000000000000000000000000000000000
00000000000000000000000000000000000000000000000000000000000000000000000000000000000000000000000000000000000000000000000000000000
00000000000000000000000000000000000000000000000000000000000000000000000000000000000000000000000000000000000000000000000000000000
00000000000000000000000000000000000000000000000000000000000000000000000000000000000000000000000000000000000000000000000000000000
00000000000000000000000000000000000000000000000000000000000000000000000000000000000000000000000000000000000000000000000000000000
00000000000000000000000000000000000000000000000000000000000000000000000000000000000000000000000000000000000000000000000000000000
00000000000000000000000000000000000000000000000000000000000000000000000000000000000000000000000000000000000000000000000000000000
00000000000000000000000000000000000000000000000000000000000000000000000000000000000000000000000000000000000000000000000000000000
00000000000000000000000000000000000000000000000000000000000000000000000000000000000000000000000000000000000000000000000000000000
00000000000000000000000000000000000000000000000000000000000000000000000000000000000000000000000000000000000000000000000000000000
00000000000000000000000000000000000000000000000000000000000000000000000000000000000000000000000000000000000000000000000000000000
00000000000000000000000000000000000000000000000000000000000000000000000000000000000000000000000000000000000000000000000000000000
00000000000000000000000000000000000000000000000000000000000000000000000000000000000000000000000000000000000000000000000000000000
00000000000000000000000000000000000000000000000000000000000000000000000000000000000000000000000000000000000000000000000000000000
00000000000000000000000000000000000000000000000000000000000000000000000000000000000000000000000000000000000000000000000000000000
00000000000000000000000000000000000000000000000000000000000000000000000000000000000000000000000000000000000000000000000000000000
00000000000000000000000000000000000000000000000000000000000000000000000000000000000000000000000000000000000000000000000000000000
00000000000000000000000000000000000000000000000000000000000000000000000000000000000000000000000000000000000000000000000000000000
00000000000000000000000000000000000000000000000000000000000000000000000000000000000000000000000000000000000000000000000000000000
00000000000000000000000000000000000000000000000000000000000000000000000000000000000000000000000000000000000000000000000000000000
00000000000000000000000000000000000000000000000000000000000000000000000000000000000000000000000000000000000000000000000000000000
00000000000000000000000000000000000000000000000000000000000000000000000000000000000000000000000000000000000000000000000000000000
00000000000000000000000000000000000000000000000000000000000000000000000000000000000000000000000000000000000000000000000000000000
00000000000000000000000000000000000000000000000000000000000000000000000000000000000000000000000000000000000000000000000000000000
00000000000000000000000000000000000000000000000000000000000000000000000000000000000000000000000000000000000000000000000000000000
00000000000000000000000000000000000000000000000000000000000000000000000000000000000000000000000000000000000000000000000000000000
00000000000000000000000000000000000000000000000000000000000000000000000000000000000000000000000000000000000000000000000000000000
00000000000000000000000000000000000000000000000000000000000000000000000000000000000000000000000000000000000000000000000000000000
00000000000000000000000000000000000000000000000000000000000000000000000000000000000000000000000000000000000000000000000000000000
00000000000000000000000000000000000000000000000000000000000000000000000000000000000000000000000000000000000000000000000000000000
00000000000000000000000000000000000000000000000000000000000000000000000000000000000000000000000000000000000000000000000000000000
00000000000000000000000000000000000000000000000000000000000000000000000000000000000000000000000000000000000000000000000000000000
00000000000000000000000000000000000000000000000000000000000000000000000000000000000000000000000000000000000000000000000000000000
00000000000000000000000000000000000000000000000000000000000000000000000000000000000000000000000000000000000000000000000000000000
00000000000000000000000000000000000000000000000000000000000000000000000000000000000000000000000000000000000000000000000000000000
00000000000000000000000000000000000000000000000000000000000000000000000000000000000000000000000000000000000000000000000000000000
00000000000000000000000000000000000000000000000000000000000000000000000000000000000000000000000000000000000000000000000000000000
00000000000000000000000000000000000000000000000000000000000000000000000000000000000000000000000000000000000000000000000000000000
00000000000000000000000000000000000000000000000000000000000000000000000000000000000000000000000000000000000000000000000000000000
00000000000000000000000000000000000000000000000000000000000000000000000000000000000000000000000000000000000000000000000000000000
00000000000000000000000000000000000000000000000000000000000000000000000000000000000000000000000000000000000000000000000000000000
00000000000000000000000000000000000000000000000000000000000000000000000000000000000000000000000000000000000000000000000000000000
00000000000000000000000000000000000000000000000000000000000000000000000000000000000000000000000000000000000000000000000000000000
00000000000000000000000000000000000000000000000000000000000000000000000000000000000000000000000000000000000000000000000000000000
00000000000000000000000000000000000000000000000000000000000000000000000000000000000000000000000000000000000000000000000000000000
00000000000000000000000000000000000000000000000000000000000000000000000000000000000000000000000000000000000000000000000000000000
00000000000000000000000000000000000000000000000000000000000000000000000000000000000000000000000000000000000000000000000000000000
00000000000000000000000000000000000000000000000000000000000000000000000000000000000000000000000000000000000000000000000000000000
00000000000000000000000000000000000000000000000000000000000000000000000000000000000000000000000000000000000000000000000000000000
00000000000000000000000000000000000000000000000000000000000000000000000000000000000000000000000000000000000000000000000000000000
00000000000000000000000000000000000000000000000000000000000000000000000000000000000000000000000000000000000000000000000000000000
00000000000000000000000000000000000000000000000000000000000000000000000000000000000000000000000000000000000000000000000000000000
00000000000000000000000000000000000000000000000000000000000000000000000000000000000000000000000000000000000000000000000000000000
00000000000000000000000000000000000000000000000000000000000000000000000000000000000000000000000000000000000000000000000000000000
00000000000000000000000000000000000000000000000000000000000000000000000000000000000000000000000000000000000000000000000000000000
00000000000000000000000000000000000000000000000000000000000000000000000000000000000000000000000000000000000000000000000000000000
00000000000000000000000000000000000000000000000000000000000000000000000000000000000000000000000000000000000000000000000000000000
00000000000000000000000000000000000000000000000000000000000000000000000000000000000000000000000000000000000000000000000000000000
00000000000000000000000000000000000000000000000000000000000000000000000000000000000000000000000000000000000000000000000000000000
00000000000000000000000000000000000000000000000000000000000000000000000000000000000000000000000000000000000000000000000000000000
00000000000000000000000000000000000000000000000000000000000000000000000000000000000000000000000000000000000000000000000000000000
00000000000000000000000000000000000000000000000000000000000000000000000000000000000000000000000000000000000000000000000000000000
00000000000000000000000000000000000000000000000000000000000000000000000000000000000000000000000000000000000000000000000000000000
00000000000000000000000000000000000000000000000000000000000000000000000000000000000000000000000000000000000000000000000000000000
00000000000000000000000000000000000000000000000000000000000000000000000000000000000000000000000000000000000000000000000000000000
00000000000000000000000000000000000000000000000000000000000000000000000000000000000000000000000000000000000000000000000000000000
00000000000000000000000000000000000000000000000000000000000000000000000000000000000000000000000000000000000000000000000000000000
00000000000000000000000000000000000000000000000000000000000000000000000000000000000000000000000000000000000000000000000000000000
00000000000000000000000000000000000000000000000000000000000000000000000000000000000000000000000000000000000000000000000000000000
00000000000000000000000000000000000000000000000000000000000000000000000000000000000000000000000000000000000000000000000000000000
00000000000000000000000000000000000000000000000000000000000000000000000000000000000000000000000000000000000000000000000000000000
00000000000000000000000000000000000000000000000000000000000000000000000000000000000000000000000000000000000000000000000000000000
00000000000000000000000000000000000000000000000000000000000000000000000000000000000000000000000000000000000000000000000000000000
00000000000000000000000000000000000000000000000000000000000000000000000000000000000000000000000000000000000000000000000000000000
00000000000000000000000000000000000000000000000000000000000000000000000000000000000000000000000000000000000000000000000000000000
00000000000000000000000000000000000000000000000000000000000000000000000000000000000000000000000000000000000000000000000000000000
00000000000000000000000000000000000000000000000000000000000000000000000000000000000000000000000000000000000000000000000000000000
00000000000000000000000000000000000000000000000000000000000000000000000000000000000000000000000000000000000000000000000000000000
00000000000000000000000000000000000000000000000000000000000000000000000000000000000000000000000000000000000000000000000000000000
00000000000000000000000000000000000000000000000000000000000000000000000000000000000000000000000000000000000000000000000000000000
00000000000000000000000000000000000000000000000000000000000000000000000000000000000000000000000000000000000000000000000000000000
00000000000000000000000000000000000000000000000000000000000000000000000000000000000000000000000000000000000000000000000000000000
00000000000000000000000000000000000000000000000000000000000000000000000000000000000000000000000000000000000000000000000000000000
00000000000000000000000000000000000000000000000000000000000000000000000000000000000000000000000000000000000000000000000000000000
00000000000000000000000000000000000000000000000000000000000000000000000000000000000000000000000000000000000000000000000000000000
00000000000000000000000000000000000000000000000000000000000000000000000000000000000000000000000000000000000000000000000000000000
00000000000000000000000000000000000000000000000000000000000000000000000000000000000000000000000000000000000000000000000000000000
00000000000000000000000000000000000000000000000000000000000000000000000000000000000000000000000000000000000000000000000000000000
00000000000000000000000000000000000000000000000000000000000000000000000000000000000000000000000000000000000000000000000000000000
00000000000000000000000000000000000000000000000000000000000000000000000000000000000000000000000000000000000000000000000000000000
00000000000000000000000000000000000000000000000000000000000000000000000000000000000000000000000000000000000000000000000000000000
00000000000000000000000000000000000000000000000000000000000000000000000000000000000000000000000000000000000000000000000000000000
00000000000000000000000000000000000000000000000000000000000000000000000000000000000000000000000000000000000000000000000000000000
00000000000000000000000000000000000000000000000000000000000000000000000000000000000000000000000000000000000000000000000000000000
00000000000000000000000000000000000000000000000000000000000000000000000000000000000000000000000000000000000000000000000000000000
00000000000000000000000000000000000000000000000000000000000000000000000000000000000000000000000000000000000000000000000000000000
00000000000000000000000000000000000000000000000000000000000000000000000000000000000000000000000000000000000000000000000000000000
00000000000000000000000000000000000000000000000000000000000000000000000000000000000000000000000000000000000000000000000000000000
00000000000000000000000000000000000000000000000000000000000000000000000000000000000000000000000000000000000000000000000000000000
00000000000000000000000000000000000000000000000000000000000000000000000000000000000000000000000000000000000000000000000000000000
00000000000000000000000000000000000000000000000000000000000000000000000000000000000000000000000000000000000000000000000000000000
00000000000000000000000000000000000000000000000000000000000000000000000000000000000000000000000000000000000000000000000000000000
00000000000000000000000000000000000000000000000000000000000000000000000000000000000000000000000000000000000000000000000000000000
00000000000000000000000000000000000000000000000000000000000000000000000000000000000000000000000000000000000000000000000000000000
00000000000000000000000000000000000000000000000000000000000000000000000000000000000000000000000000000000000000000000000000000000
00000000000000000000000000000000000000000000000000000000000000000000000000000000000000000000000000000000000000000000000000000000
00000000000000000000000000000000000000000000000000000000000000000000000000000000000000000000000000000000000000000000000000000000
00000000000000000000000000000000000000000000000000000000000000000000000000000000000000000000000000000000000000000000000000000000
00000000000000000000000000000000000000000000000000000000000000000000000000000000000000000000000000000000000000000000000000000000
00000000000000000000000000000000000000000000000000000000000000000000000000000000000000000000000000000000000000000000000000000000
00000000000000000000000000000000000000000000000000000000000000000000000000000000000000000000000000000000000000000000000000000000
00000000000000000000000000000000000000000000000000000000000000000000000000000000000000000000000000000000000000000000000000000000
00000000000000000000000000000000000000000000000000000000000000000000000000000000000000000000000000000000000000000000000000000000
00000000000000000000000000000000000000000000000000000000000000000000000000000000000000000000000000000000000000000000000000000000
00000000000000000000000000000000000000000000000000000000000000000000000000000000000000000000000000000000000000000000000000000000
00000000000000000000000000000000000000000000000000000000000000000000000000000000000000000000000000000000000000000000000000000000
00000000000000000000000000000000000000000000000000000000000000000000000000000000000000000000000000000000000000000000000000000000
00000000000000000000000000000000000000000000000000000000000000000000000000000000000000000000000000000000000000000000000000000000
00000000000000000000000000000000000000000000000000000000000000000000000000000000000000000000000000000000000000000000000000000000
00000000000000000000000000000000000000000000000000000000000000000000000000000000000000000000000000000000000000000000000000000000
00000000000000000000000000000000000000000000000000000000000000000000000000000000000000000000000000000000000000000000000000000000
00000000000000000000000000000000000000000000000000000000000000000000000000000000000000000000000000000000000000000000000000000000
00000000000000000000000000000000000000000000000000000000000000000000000000000000000000000000000000000000000000000000000000000000
00000000000000000000000000000000000000000000000000000000000000000000000000000000000000000000000000000000000000000000000000000000
00000000000000000000000000000000000000000000000000000000000000000000000000000000000000000000000000000000000000000000000000000000
00000000000000000000000000000000000000000000000000000000000000000000000000000000000000000000000000000000000000000000000000000000
00000000000000000000000000000000000000000000000000000000000000000000000000000000000000000000000000000000000000000000000000000000
00000000000000000000000000000000000000000000000000000000000000000000000000000000000000000000000000000000000000000000000000000000
00000000000000000000000000000000000000000000000000000000000000000000000000000000000000000000000000000000000000000000000000000000
00000000000000000000000000000000000000000000000000000000000000000000000000000000000000000000000000000000000000000000000000000000
00000000000000000000000000000000000000000000000000000000000000000000000000000000000000000000000000000000000000000000000000000000
00000000000000000000000000000000000000000000000000000000000000000000000000000000000000000000000000000000000000000000000000000000
00000000000000000000000000000000000000000000000000000000000000000000000000000000000000000000000000000000000000000000000000000000
00000000000000000000000000000000000000000000000000000000000000000000000000000000000000000000000000000000000000000000000000000000
00000000000000000000000000000000000000000000000000000000000000000000000000000000000000000000000000000000000000000000000000000000
00000000000000000000000000000000000000000000000000000000000000000000000000000000000000000000000000000000000000000000000000000000
00000000000000000000000000000000000000000000000000000000000000000000000000000000000000000000000000000000000000000000000000000000
00000000000000000000000000000000000000000000000000000000000000000000000000000000000000000000000000000000000000000000000000000000
00000000000000000000000000000000000000000000000000000000000000000000000000000000000000000000000000000000000000000000000000000000
00000000000000000000000000000000000000000000000000000000000000000000000000000000000000000000000000000000000000000000000000000000
00000000000000000000000000000000000000000000000000000000000000000000000000000000000000000000000000000000000000000000000000000000
00000000000000000000000000000000000000000000000000000000000000000000000000000000000000000000000000000000000000000000000000000000
00000000000000000000000000000000000000000000000000000000000000000000000000000000000000000000000000000000000000000000000000000000
00000000000000000000000000000000000000000000000000000000000000000000000000000000000000000000000000000000000000000000000000000000
00000000000000000000000000000000000000000000000000000000000000000000000000000000000000000000000000000000000000000000000000000000
00000000000000000000000000000000000000000000000000000000000000000000000000000000000000000000000000000000000000000000000000000000
00000000000000000000000000000000000000000000000000000000000000000000000000000000000000000000000000000000000000000000000000000000
00000000000000000000000000000000000000000000000000000000000000000000000000000000000000000000000000000000000000000000000000000000
00000000000000000000000000000000000000000000000000000000000000000000000000000000000000000000000000000000000000000000000000000000
00000000000000000000000000000000000000000000000000000000000000000000000000000000000000000000000000000000000000000000000000000000
00000000000000000000000000000000000000000000000000000000000000000000000000000000000000000000000000000000000000000000000000000000
00000000000000000000000000000000000000000000000000000000000000000000000000000000000000000000000000000000000000000000000000000000
00000000000000000000000000000000000000000000000000000000000000000000000000000000000000000000000000000000000000000000000000000000
00000000000000000000000000000000000000000000000000000000000000000000000000000000000000000000000000000000000000000000000000000000
00000000000000000000000000000000000000000000000000000000000000000000000000000000000000000000000000000000000000000000000000000000
00000000000000000000000000000000000000000000000000000000000000000000000000000000000000000000000000000000000000000000000000000000
00000000000000000000000000000000000000000000000000000000000000000000000000000000000000000000000000000000000000000000000000000000
00000000000000000000000000000000000000000000000000000000000000000000000000000000000000000000000000000000000000000000000000000000
00000000000000000000000000000000000000000000000000000000000000000000000000000000000000000000000000000000000000000000000000000000
00000000000000000000000000000000000000000000000000000000000000000000000000000000000000000000000000000000000000000000000000000000
00000000000000000000000000000000000000000000000000000000000000000000000000000000000000000000000000000000000000000000000000000000
00000000000000000000000000000000000000000000000000000000000000000000000000000000000000000000000000000000000000000000000000000000
00000000000000000000000000000000000000000000000000000000000000000000000000000000000000000000000000000000000000000000000000000000
00000000000000000000000000000000000000000000000000000000000000000000000000000000000000000000000000000000000000000000000000000000
00000000000000000000000000000000000000000000000000000000000000000000000000000000000000000000000000000000000000000000000000000000
00000000000000000000000000000000000000000000000000000000000000000000000000000000000000000000000000000000000000000000000000000000
00000000000000000000000000000000000000000000000000000000000000000000000000000000000000000000000000000000000000000000000000000000
00000000000000000000000000000000000000000000000000000000000000000000000000000000000000000000000000000000000000000000000000000000
00000000000000000000000000000000000000000000000000000000000000000000000000000000000000000000000000000000000000000000000000000000
00000000000000000000000000000000000000000000000000000000000000000000000000000000000000000000000000000000000000000000000000000000
00000000000000000000000000000000000000000000000000000000000000000000000000000000000000000000000000000000000000000000000000000000
00000000000000000000000000000000000000000000000000000000000000000000000000000000000000000000000000000000000000000000000000000000
00000000000000000000000000000000000000000000000000000000000000000000000000000000000000000000000000000000000000000000000000000000
00000000000000000000000000000000000000000000000000000000000000000000000000000000000000000000000000000000000000000000000000000000
00000000000000000000000000000000000000000000000000000000000000000000000000000000000000000000000000000000000000000000000000000000
00000000000000000000000000000000000000000000000000000000000000000000000000000000000000000000000000000000000000000000000000000000
00000000000000000000000000000000000000000000000000000000000000000000000000000000000000000000000000000000000000000000000000000000
00000000000000000000000000000000000000000000000000000000000000000000000000000000000000000000000000000000000000000000000000000000
00000000000000000000000000000000000000000000000000000000000000000000000000000000000000000000000000000000000000000000000000000000
00000000000000000000000000000000000000000000000000000000000000000000000000000000000000000000000000000000000000000000000000000000
00000000000000000000000000000000000000000000000000000000000000000000000000000000000000000000000000000000000000000000000000000000
00000000000000000000000000000000000000000000000000000000000000000000000000000000000000000000000000000000000000000000000000000000
00000000000000000000000000000000000000000000000000000000000000000000000000000000000000000000000000000000000000000000000000000000
00000000000000000000000000000000000000000000000000000000000000000000000000000000000000000000000000000000000000000000000000000000
00000000000000000000000000000000000000000000000000000000000000000000000000000000000000000000000000000000000000000000000000000000
00000000000000000000000000000000000000000000000000000000000000000000000000000000000000000000000000000000000000000000000000000000
00000000000000000000000000000000000000000000000000000000000000000000000000000000000000000000000000000000000000000000000000000000
00000000000000000000000000000000000000000000000000000000000000000000000000000000000000000000000000000000000000000000000000000000
00000000000000000000000000000000000000000000000000000000000000000000000000000000000000000000000000000000000000000000000000000000
00000000000000000000000000000000000000000000000000000000000000000000000000000000000000000000000000000000000000000000000000000000
00000000000000000000000000000000000000000000000000000000000000000000000000000000000000000000000000000000000000000000000000000000
00000000000000000000000000000000000000000000000000000000000000000000000000000000000000000000000000000000000000000000000000000000
00000000000000000000000000000000000000000000000000000000000000000000000000000000000000000000000000000000000000000000000000000000
00000000000000000000000000000000000000000000000000000000000000000000000000000000000000000000000000000000000000000000000000000000
00000000000000000000000000000000000000000000000000000000000000000000000000000000000000000000000000000000000000000000000000000000
00000000000000000000000000000000000000000000000000000000000000000000000000000000000000000000000000000000000000000000000000000000
00000000000000000000000000000000000000000000000000000000000000000000000000000000000000000000000000000000000000000000000000000000
00000000000000000000000000000000000000000000000000000000000000000000000000000000000000000000000000000000000000000000000000000000
00000000000000000000000000000000000000000000000000000000000000000000000000000000000000000000000000000000000000000000000000000000
00000000000000000000000000000000000000000000000000000000000000000000000000000000000000000000000000000000000000000000000000000000
00000000000000000000000000000000000000000000000000000000000000000000000000000000000000000000000000000000000000000000000000000000
00000000000000000000000000000000000000000000000000000000000000000000000000000000000000000000000000000000000000000000000000000000
00000000000000000000000000000000000000000000000000000000000000000000000000000000000000000000000000000000000000000000000000000000
00000000000000000000000000000000000000000000000000000000000000000000000000000000000000000000000000000000000000000000000000000000
00000000000000000000000000000000000000000000000000000000000000000000000000000000000000000000000000000000000000000000000000000000
00000000000000000000000000000000000000000000000000000000000000000000000000000000000000000000000000000000000000000000000000000000
00000000000000000000000000000000000000000000000000000000000000000000000000000000000000000000000000000000000000000000000000000000
00000000000000000000000000000000000000000000000000000000000000000000000000000000000000000000000000000000000000000000000000000000
00000000000000000000000000000000000000000000000000000000000000000000000000000000000000000000000000000000000000000000000000000000
00000000000000000000000000000000000000000000000000000000000000000000000000000000000000000000000000000000000000000000000000000000
00000000000000000000000000000000000000000000000000000000000000000000000000000000000000000000000000000000000000000000000000000000
00000000000000000000000000000000000000000000000000000000000000000000000000000000000000000000000000000000000000000000000000000000
00000000000000000000000000000000000000000000000000000000000000000000000000000000000000000000000000000000000000000000000000000000
00000000000000000000000000000000000000000000000000000000000000000000000000000000000000000000000000000000000000000000000000000000
00000000000000000000000000000000000000000000000000000000000000000000000000000000000000000000000000000000000000000000000000000000
00000000000000000000000000000000000000000000000000000000000000000000000000000000000000000000000000000000000000000000000000000000
00000000000000000000000000000000000000000000000000000000000000000000000000000000000000000000000000000000000000000000000000000000
00000000000000000000000000000000000000000000000000000000000000000000000000000000000000000000000000000000000000000000000000000000
00000000000000000000000000000000000000000000000000000000000000000000000000000000000000000000000000000000000000000000000000000000
00000000000000000000000000000000000000000000000000000000000000000000000000000000000000000000000000000000000000000000000000000000
00000000000000000000000000000000000000000000000000000000000000000000000000000000000000000000000000000000000000000000000000000000
00000000000000000000000000000000000000000000000000000000000000000000000000000000000000000000000000000000000000000000000000000000
00000000000000000000000000000000000000000000000000000000000000000000000000000000000000000000000000000000000000000000000000000000
00000000000000000000000000000000000000000000000000000000000000000000000000000000000000000000000000000000000000000000000000000000
00000000000000000000000000000000000000000000000000000000000000000000000000000000000000000000000000000000000000000000000000000000
00000000000000000000000000000000000000000000000000000000000000000000000000000000000000000000000000000000000000000000000000000000
00000000000000000000000000000000000000000000000000000000000000000000000000000000000000000000000000000000000000000000000000000000
00000000000000000000000000000000000000000000000000000000000000000000000000000000000000000000000000000000000000000000000000000000
00000000000000000000000000000000000000000000000000000000000000000000000000000000000000000000000000000000000000000000000000000000
00000000000000000000000000000000000000000000000000000000000000000000000000000000000000000000000000000000000000000000000000000000
00000000000000000000000000000000000000000000000000000000000000000000000000000000000000000000000000000000000000000000000000000000
00000000000000000000000000000000000000000000000000000000000000000000000000000000000000000000000000000000000000000000000000000000
00000000000000000000000000000000000000000000000000000000000000000000000000000000000000000000000000000000000000000000000000000000
00000000000000000000000000000000000000000000000000000000000000000000000000000000000000000000000000000000000000000000000000000000
00000000000000000000000000000000000000000000000000000000000000000000000000000000000000000000000000000000000000000000000000000000
00000000000000000000000000000000000000000000000000000000000000000000000000000000000000000000000000000000000000000000000000000000
00000000000000000000000000000000000000000000000000000000000000000000000000000000000000000000000000000000000000000000000000000000
00000000000000000000000000000000000000000000000000000000000000000000000000000000000000000000000000000000000000000000000000000000
00000000000000000000000000000000000000000000000000000000000000000000000000000000000000000000000000000000000000000000000000000000
00000000000000000000000000000000000000000000000000000000000000000000000000000000000000000000000000000000000000000000000000000000
00000000000000000000000000000000000000000000000000000000000000000000000000000000000000000000000000000000000000000000000000000000
00000000000000000000000000000000000000000000000000000000000000000000000000000000000000000000000000000000000000000000000000000000
00000000000000000000000000000000000000000000000000000000000000000000000000000000000000000000000000000000000000000000000000000000
00000000000000000000000000000000000000000000000000000000000000000000000000000000000000000000000000000000000000000000000000000000
00000000000000000000000000000000000000000000000000000000000000000000000000000000000000000000000000000000000000000000000000000000
00000000000000000000000000000000000000000000000000000000000000000000000000000000000000000000000000000000000000000000000000000000
00000000000000000000000000000000000000000000000000000000000000000000000000000000000000000000000000000000000000000000000000000000
00000000000000000000000000000000000000000000000000000000000000000000000000000000000000000000000000000000000000000000000000000000
00000000000000000000000000000000000000000000000000000000000000000000000000000000000000000000000000000000000000000000000000000000
00000000000000000000000000000000000000000000000000000000000000000000000000000000000000000000000000000000000000000000000000000000
00000000000000000000000000000000000000000000000000000000000000000000000000000000000000000000000000000000000000000000000000000000
00000000000000000000000000000000000000000000000000000000000000000000000000000000000000000000000000000000000000000000000000000000
00000000000000000000000000000000000000000000000000000000000000000000000000000000000000000000000000000000000000000000000000000000
00000000000000000000000000000000000000000000000000000000000000000000000000000000000000000000000000000000000000000000000000000000
00000000000000000000000000000000000000000000000000000000000000000000000000000000000000000000000000000000000000000000000000000000
00000000000000000000000000000000000000000000000000000000000000000000000000000000000000000000000000000000000000000000000000000000
00000000000000000000000000000000000000000000000000000000000000000000000000000000000000000000000000000000000000000000000000000000
00000000000000000000000000000000000000000000000000000000000000000000000000000000000000000000000000000000000000000000000000000000
00000000000000000000000000000000000000000000000000000000000000000000000000000000000000000000000000000000000000000000000000000000
00000000000000000000000000000000000000000000000000000000000000000000000000000000000000000000000000000000000000000000000000000000
00000000000000000000000000000000000000000000000000000000000000000000000000000000000000000000000000000000000000000000000000000000
00000000000000000000000000000000000000000000000000000000000000000000000000000000000000000000000000000000000000000000000000000000
00000000000000000000000000000000000000000000000000000000000000000000000000000000000000000000000000000000000000000000000000000000
00000000000000000000000000000000000000000000000000000000000000000000000000000000000000000000000000000000000000000000000000000000
00000000000000000000000000000000000000000000000000000000000000000000000000000000000000000000000000000000000000000000000000000000
00000000000000000000000000000000000000000000000000000000000000000000000000000000000000000000000000000000000000000000000000000000
00000000000000000000000000000000000000000000000000000000000000000000000000000000000000000000000000000000000000000000000000000000
00000000000000000000000000000000000000000000000000000000000000000000000000000000000000000000000000000000000000000000000000000000
00000000000000000000000000000000000000000000000000000000000000000000000000000000000000000000000000000000000000000000000000000000
00000000000000000000000000000000000000000000000000000000000000000000000000000000000000000000000000000000000000000000000000000000
00000000000000000000000000000000000000000000000000000000000000000000000000000000000000000000000000000000000000000000000000000000
00000000000000000000000000000000000000000000000000000000000000000000000000000000000000000000000000000000000000000000000000000000
00000000000000000000000000000000000000000000000000000000000000000000000000000000000000000000000000000000000000000000000000000000
00000000000000000000000000000000000000000000000000000000000000000000000000000000000000000000000000000000000000000000000000000000
00000000000000000000000000000000000000000000000000000000000000000000000000000000000000000000000000000000000000000000000000000000
00000000000000000000000000000000000000000000000000000000000000000000000000000000000000000000000000000000000000000000000000000000
00000000000000000000000000000000000000000000000000000000000000000000000000000000000000000000000000000000000000000000000000000000
*
CA7E2*
NOTE FEATURE_ROW*
E0000000000000000000000000000000011101010000000000000000000000000
0000010011100000*
NOTE User Electronic Signature Data*
UH00000000*
2C94
